SalesDate,ProductKey,CustomerKey,StoreKey,Quantity,UnitPrice,Discount,TotalSales
2023-01-01,PROD0009,131,STORE0001,4,57.19,3.77,224.99
2023-02-01,PROD0037,155,STORE0007,9,401.31,37.29,3574.5
2023-03-01,PROD0046,125,STORE0002,6,430.82,29.46,2555.46
2023-04-01,PROD0034,163,STORE0001,6,202.99,48.12,1169.82
2023-05-01,PROD0036,227,STORE0006,5,94.21,11.7,459.35
2023-06-01,PROD0005,9,STORE0002,7,445.99,8.24,3113.69
2023-07-01,PROD0014,282,STORE0004,5,434.05,4.92,2165.33
2023-08-01,PROD0044,28,STORE0010,2,109.61,40.08,179.14
2023-09-01,PROD0050,75,STORE0003,5,127.37,5.4,631.45
2023-10-01,PROD0040,33,STORE0001,9,322.52,29.69,2872.99
2023-11-01,PROD0034,2,STORE0004,9,162.81,46.0,1419.29
2023-12-01,PROD0013,291,STORE0006,7,208.96,34.55,1428.17
2024-01-01,PROD0011,258,STORE0004,1,201.83,1.99,199.84
2024-02-01,PROD0019,152,STORE0002,9,203.9,20.93,1814.17
2024-03-01,PROD0033,154,STORE0005,5,217.26,40.57,1045.73
2024-04-01,PROD0004,26,STORE0010,6,90.89,45.17,500.17
2024-05-01,PROD0039,251,STORE0007,5,323.4,38.03,1578.97
2024-06-01,PROD0046,297,STORE0008,1,242.22,9.83,232.39
2024-07-01,PROD0033,252,STORE0006,9,444.25,44.96,3953.29
2024-08-01,PROD0025,46,STORE0007,5,305.15,41.93,1483.82
2024-09-01,PROD0042,263,STORE0006,4,161.53,15.46,630.66
2024-10-01,PROD0032,116,STORE0003,2,318.5,5.36,631.64
2024-11-01,PROD0023,76,STORE0005,9,490.63,19.05,4396.62
2024-12-01,PROD0028,37,STORE0004,7,306.45,5.68,2139.47
2023-01-01,PROD0010,31,STORE0003,1,210.73,30.42,180.31
2023-02-01,PROD0049,57,STORE0005,5,412.76,26.89,2036.91
2023-03-01,PROD0017,186,STORE0003,2,187.96,39.37,336.55
2023-04-01,PROD0044,156,STORE0010,5,34.71,42.99,130.56
2023-05-01,PROD0012,53,STORE0006,1,430.27,9.31,420.96
2023-06-01,PROD0004,202,STORE0004,3,378.85,43.73,1092.82
2023-07-01,PROD0042,42,STORE0008,5,34.01,21.21,148.84
2023-08-01,PROD0046,120,STORE0010,5,463.06,45.92,2269.38
2023-09-01,PROD0008,133,STORE0004,9,281.88,43.08,2493.84
2023-10-01,PROD0028,69,STORE0003,1,44.68,7.19,37.49
2023-11-01,PROD0002,152,STORE0004,3,143.54,48.7,381.92
2023-12-01,PROD0032,243,STORE0010,6,473.34,33.87,2806.17
2024-01-01,PROD0039,283,STORE0008,3,490.66,17.09,1454.89
2024-02-01,PROD0029,15,STORE0008,4,413.37,22.84,1630.64
2024-03-01,PROD0003,167,STORE0002,3,176.32,5.83,523.13
2024-04-01,PROD0030,186,STORE0001,3,290.61,41.31,830.52
2024-05-01,PROD0043,233,STORE0006,4,359.37,24.1,1413.38
2024-06-01,PROD0036,196,STORE0008,5,209.86,12.95,1036.35
2024-07-01,PROD0041,189,STORE0003,9,114.7,39.43,992.87
2024-08-01,PROD0017,188,STORE0002,5,26.05,10.2,120.05
2024-09-01,PROD0044,227,STORE0006,7,392.85,34.35,2715.6
2024-10-01,PROD0049,31,STORE0010,7,155.96,11.39,1080.33
2024-11-01,PROD0017,96,STORE0001,7,52.91,21.2,349.17
2024-12-01,PROD0003,220,STORE0005,5,302.5,25.32,1487.18
2023-01-01,PROD0015,271,STORE0010,2,282.78,25.16,540.4
2023-02-01,PROD0005,254,STORE0007,9,201.78,46.92,1769.1
2023-03-01,PROD0027,211,STORE0005,3,386.02,0.65,1157.41
2023-04-01,PROD0016,33,STORE0009,3,312.03,2.95,933.14
2023-05-01,PROD0036,226,STORE0006,1,37.3,17.27,20.03
2023-06-01,PROD0042,205,STORE0005,1,20.68,9.12,11.56
2023-07-01,PROD0014,8,STORE0005,4,235.18,47.19,893.53
2023-08-01,PROD0026,21,STORE0006,5,145.75,37.1,691.65
2023-09-01,PROD0029,128,STORE0001,5,405.27,8.34,2018.01
2023-10-01,PROD0009,172,STORE0010,3,456.71,8.42,1361.71
2023-11-01,PROD0041,211,STORE0007,3,458.06,0.72,1373.46
2023-12-01,PROD0040,205,STORE0003,7,390.04,35.75,2694.53
2024-01-01,PROD0045,196,STORE0006,3,52.81,4.57,153.86
2024-02-01,PROD0002,78,STORE0004,4,463.68,12.5,1842.22
2024-03-01,PROD0006,41,STORE0010,6,499.91,42.88,2956.58
2024-04-01,PROD0003,244,STORE0002,6,486.85,39.23,2881.87
2024-05-01,PROD0014,255,STORE0003,7,108.7,24.09,736.81
2024-06-01,PROD0043,32,STORE0003,9,81.25,29.41,701.84
2024-07-01,PROD0030,231,STORE0006,3,294.21,28.88,853.75
2024-08-01,PROD0029,37,STORE0010,2,425.8,11.09,840.51
2024-09-01,PROD0017,101,STORE0010,4,204.0,28.63,787.37
2024-10-01,PROD0043,74,STORE0001,8,434.92,38.35,3441.01
2024-11-01,PROD0047,79,STORE0007,2,418.85,15.33,822.37
2024-12-01,PROD0020,248,STORE0010,8,343.1,44.66,2700.14
2023-01-01,PROD0021,113,STORE0010,8,235.35,33.96,1848.84
2023-02-01,PROD0034,162,STORE0005,1,116.13,43.4,72.73
2023-03-01,PROD0010,193,STORE0008,3,385.74,48.01,1109.21
2023-04-01,PROD0001,202,STORE0001,4,481.01,11.69,1912.35
2023-05-01,PROD0009,293,STORE0004,4,51.38,3.48,202.04
2023-06-01,PROD0003,139,STORE0002,2,295.39,29.92,560.86
2023-07-01,PROD0023,157,STORE0001,1,385.0,6.02,378.98
2023-08-01,PROD0008,194,STORE0003,3,355.7,2.7,1064.4
2023-09-01,PROD0026,135,STORE0006,3,211.98,43.0,592.94
2023-10-01,PROD0044,74,STORE0003,1,312.1,31.29,280.81
2023-11-01,PROD0050,137,STORE0007,5,237.19,43.8,1142.15
2023-12-01,PROD0034,8,STORE0001,4,64.06,39.16,217.08
2024-01-01,PROD0050,291,STORE0007,6,276.46,8.67,1650.09
2024-02-01,PROD0028,150,STORE0007,6,162.62,12.89,962.83
2024-03-01,PROD0045,29,STORE0005,2,315.6,23.82,607.38
2024-04-01,PROD0019,221,STORE0007,9,124.4,49.98,1069.62
2024-05-01,PROD0005,276,STORE0007,4,388.21,12.08,1540.76
2024-06-01,PROD0046,125,STORE0003,2,438.0,6.97,869.03
2024-07-01,PROD0045,169,STORE0004,3,24.22,11.99,60.67
2024-08-01,PROD0044,119,STORE0002,1,431.18,35.09,396.09
2024-09-01,PROD0002,141,STORE0001,3,114.19,0.04,342.53
2024-10-01,PROD0039,126,STORE0009,8,388.08,1.12,3103.52
2024-11-01,PROD0037,13,STORE0008,1,266.14,22.1,244.04
2024-12-01,PROD0026,74,STORE0007,2,449.05,15.45,882.65
2023-01-01,PROD0032,189,STORE0006,5,126.65,6.15,627.1
2023-02-01,PROD0046,86,STORE0007,6,84.04,16.76,487.48
2023-03-01,PROD0024,135,STORE0003,4,224.53,22.58,875.54
2023-04-01,PROD0003,61,STORE0006,4,136.87,44.59,502.89
2023-05-01,PROD0027,84,STORE0003,7,180.48,8.75,1254.61
2023-06-01,PROD0026,190,STORE0007,4,444.9,20.12,1759.48
2023-07-01,PROD0017,280,STORE0008,5,200.18,22.11,978.79
2023-08-01,PROD0010,286,STORE0010,1,228.42,27.48,200.94
2023-09-01,PROD0049,156,STORE0001,9,328.71,27.25,2931.14
2023-10-01,PROD0022,157,STORE0008,3,487.4,36.05,1426.15
2023-11-01,PROD0048,71,STORE0004,3,111.56,36.35,298.33
2023-12-01,PROD0036,26,STORE0001,2,195.37,36.96,353.78
2024-01-01,PROD0022,283,STORE0004,2,415.04,38.22,791.86
2024-02-01,PROD0046,88,STORE0005,9,328.25,25.76,2928.49
2024-03-01,PROD0035,278,STORE0009,6,443.71,29.46,2632.8
2024-04-01,PROD0037,221,STORE0008,9,458.1,25.36,4097.54
2024-05-01,PROD0036,134,STORE0007,9,37.89,40.67,300.34
2024-06-01,PROD0044,26,STORE0003,1,283.4,11.98,271.42
2024-07-01,PROD0010,38,STORE0004,1,486.29,5.07,481.22
2024-08-01,PROD0029,260,STORE0003,6,433.35,38.64,2561.46
2024-09-01,PROD0033,63,STORE0001,3,448.38,2.32,1342.82
2024-10-01,PROD0008,217,STORE0006,1,427.86,42.51,385.35
2024-11-01,PROD0044,72,STORE0006,7,382.72,16.58,2662.46
2024-12-01,PROD0003,34,STORE0002,1,193.54,47.96,145.58
2023-01-01,PROD0026,13,STORE0006,9,107.0,47.03,915.97
2023-02-01,PROD0031,35,STORE0004,6,74.06,19.11,425.25
2023-03-01,PROD0019,233,STORE0008,5,418.95,12.62,2082.13
2023-04-01,PROD0044,31,STORE0010,8,280.52,2.98,2241.18
2023-05-01,PROD0031,10,STORE0003,9,282.65,17.86,2525.99
2023-06-01,PROD0003,118,STORE0006,6,481.42,13.74,2874.78
2023-07-01,PROD0023,175,STORE0010,1,160.72,12.92,147.8
2023-08-01,PROD0027,208,STORE0009,3,27.5,34.84,47.66
2023-09-01,PROD0005,251,STORE0003,3,148.78,12.29,434.05
2023-10-01,PROD0026,116,STORE0008,2,173.84,36.2,311.48
2023-11-01,PROD0006,67,STORE0008,2,295.32,34.53,556.11
2023-12-01,PROD0035,79,STORE0007,4,242.15,31.99,936.61
2024-01-01,PROD0012,10,STORE0008,9,231.43,19.22,2063.65
2024-02-01,PROD0013,134,STORE0008,3,223.63,49.99,620.9
2024-03-01,PROD0049,286,STORE0001,7,27.88,46.41,148.75
2024-04-01,PROD0021,62,STORE0002,1,332.24,29.13,303.11
2024-05-01,PROD0035,178,STORE0001,2,493.36,41.62,945.1
2024-06-01,PROD0005,295,STORE0004,6,295.45,16.82,1755.88
2024-07-01,PROD0012,276,STORE0009,3,298.4,12.5,882.7
2024-08-01,PROD0032,139,STORE0007,1,226.92,6.94,219.98
2024-09-01,PROD0042,152,STORE0010,7,302.64,5.82,2112.66
2024-10-01,PROD0010,262,STORE0003,5,112.81,20.99,543.06
2024-11-01,PROD0017,191,STORE0001,7,170.67,46.35,1148.34
2024-12-01,PROD0021,60,STORE0007,9,291.72,49.89,2575.59
2023-01-01,PROD0024,87,STORE0002,5,143.46,48.49,668.81
2023-02-01,PROD0025,293,STORE0003,6,339.61,42.42,1995.24
2023-03-01,PROD0044,213,STORE0005,9,252.35,36.87,2234.28
2023-04-01,PROD0039,152,STORE0006,3,426.71,9.7,1270.43
2023-05-01,PROD0006,248,STORE0003,4,240.19,40.13,920.63
2023-06-01,PROD0013,229,STORE0006,1,479.06,43.2,435.86
2023-07-01,PROD0009,25,STORE0003,7,87.86,33.98,581.04
2023-08-01,PROD0050,42,STORE0006,3,93.9,28.37,253.33
2023-09-01,PROD0038,69,STORE0004,6,229.43,14.19,1362.39
2023-10-01,PROD0046,86,STORE0009,3,457.09,8.84,1362.43
2023-11-01,PROD0020,84,STORE0002,4,252.81,24.66,986.58
2023-12-01,PROD0036,124,STORE0006,4,437.0,10.01,1737.99
2024-01-01,PROD0025,1,STORE0008,4,54.28,28.65,188.47
2024-02-01,PROD0042,50,STORE0007,3,236.17,38.89,669.62
2024-03-01,PROD0013,114,STORE0002,3,325.97,24.65,953.26
2024-04-01,PROD0018,293,STORE0006,3,444.09,42.2,1290.07
2024-05-01,PROD0033,112,STORE0006,5,176.14,12.4,868.3
2024-06-01,PROD0017,144,STORE0005,7,178.99,16.42,1236.51
2024-07-01,PROD0030,71,STORE0003,4,164.81,16.25,642.99
2024-08-01,PROD0049,176,STORE0004,1,191.49,15.28,176.21
2024-09-01,PROD0004,20,STORE0010,3,120.12,14.21,346.15
2024-10-01,PROD0041,35,STORE0002,3,313.72,19.15,922.01
2024-11-01,PROD0035,22,STORE0001,4,175.52,29.11,672.97
2024-12-01,PROD0023,149,STORE0008,8,246.2,32.19,1937.41
2023-01-01,PROD0026,178,STORE0001,3,475.85,43.99,1383.56
2023-02-01,PROD0043,155,STORE0004,1,93.29,0.77,92.52
2023-03-01,PROD0033,81,STORE0009,8,396.54,33.64,3138.68
2023-04-01,PROD0012,39,STORE0004,8,139.09,23.66,1089.06
2023-05-01,PROD0037,278,STORE0002,9,73.98,3.12,662.7
2023-06-01,PROD0022,216,STORE0004,4,230.39,24.32,897.24
2023-07-01,PROD0031,189,STORE0004,6,401.4,45.76,2362.64
2023-08-01,PROD0042,211,STORE0008,4,433.79,29.79,1705.37
2023-09-01,PROD0024,40,STORE0002,4,68.67,1.6,273.08
2023-10-01,PROD0024,192,STORE0008,4,411.44,28.59,1617.17
2023-11-01,PROD0009,113,STORE0010,7,159.32,21.88,1093.36
2023-12-01,PROD0046,212,STORE0003,7,109.38,49.85,715.81
2024-01-01,PROD0026,145,STORE0009,1,472.65,29.13,443.52
2024-02-01,PROD0006,78,STORE0001,1,291.85,19.49,272.36
2024-03-01,PROD0035,269,STORE0010,1,444.59,28.3,416.29
2024-04-01,PROD0019,192,STORE0003,7,51.52,24.65,335.99
2024-05-01,PROD0016,296,STORE0008,2,253.23,39.9,466.56
2024-06-01,PROD0039,300,STORE0008,9,476.28,22.55,4263.97
2024-07-01,PROD0016,180,STORE0002,9,211.38,4.26,1898.16
2024-08-01,PROD0050,40,STORE0001,3,239.97,18.11,701.8
2024-09-01,PROD0010,271,STORE0006,9,129.04,47.85,1113.51
2024-10-01,PROD0050,24,STORE0002,9,83.02,6.12,741.06
2024-11-01,PROD0036,144,STORE0005,3,121.51,15.73,348.8
2024-12-01,PROD0038,192,STORE0001,2,220.87,40.56,401.18
2023-01-01,PROD0049,278,STORE0008,7,49.27,15.58,329.31
2023-02-01,PROD0050,204,STORE0009,9,349.52,24.01,3121.67
2023-03-01,PROD0017,273,STORE0004,6,345.02,27.69,2042.43
2023-04-01,PROD0040,58,STORE0009,3,160.32,1.09,479.87
2023-05-01,PROD0017,62,STORE0010,4,431.27,49.66,1675.42
2023-06-01,PROD0031,253,STORE0010,7,355.99,1.96,2489.97
2023-07-01,PROD0010,126,STORE0008,7,347.67,38.0,2395.69
2023-08-01,PROD0037,138,STORE0003,3,465.58,18.3,1378.44
2023-09-01,PROD0009,255,STORE0007,7,424.18,39.96,2929.3
2023-10-01,PROD0022,190,STORE0010,6,370.23,3.29,2218.09
2023-11-01,PROD0001,116,STORE0002,6,231.07,25.52,1360.9
2023-12-01,PROD0045,200,STORE0006,8,485.4,7.51,3875.69
2024-01-01,PROD0019,39,STORE0008,8,395.13,22.72,3138.32
2024-02-01,PROD0024,241,STORE0004,8,104.89,15.28,823.84
2024-03-01,PROD0012,85,STORE0001,3,241.0,46.08,676.92
2024-04-01,PROD0009,194,STORE0001,2,226.89,25.02,428.76
2024-05-01,PROD0032,56,STORE0006,2,388.96,34.05,743.87
2024-06-01,PROD0017,229,STORE0008,1,71.19,44.33,26.86
2024-07-01,PROD0031,257,STORE0010,2,232.2,6.75,457.65
2024-08-01,PROD0029,145,STORE0002,3,328.15,43.08,941.37
2024-09-01,PROD0008,121,STORE0004,5,231.42,28.76,1128.34
2024-10-01,PROD0042,66,STORE0004,7,134.21,9.73,929.74
2024-11-01,PROD0023,236,STORE0008,9,270.82,0.41,2436.97
2024-12-01,PROD0009,89,STORE0001,7,237.43,13.51,1648.5
2023-01-01,PROD0048,275,STORE0007,4,238.05,5.01,947.19
2023-02-01,PROD0034,22,STORE0004,3,384.78,34.42,1119.92
2023-03-01,PROD0002,275,STORE0006,1,216.98,5.52,211.46
2023-04-01,PROD0005,173,STORE0008,1,109.62,24.89,84.73
2023-05-01,PROD0008,145,STORE0009,7,83.45,33.69,550.46
2023-06-01,PROD0001,156,STORE0010,2,98.58,18.73,178.43
2023-07-01,PROD0028,104,STORE0007,8,326.79,1.96,2612.36
2023-08-01,PROD0035,170,STORE0001,5,434.63,32.89,2140.26
2023-09-01,PROD0014,133,STORE0010,6,460.65,3.34,2760.56
2023-10-01,PROD0017,121,STORE0010,5,52.37,42.55,219.3
2023-11-01,PROD0016,292,STORE0009,6,58.14,15.6,333.24
2023-12-01,PROD0025,168,STORE0004,2,113.38,36.54,190.22
2024-01-01,PROD0034,122,STORE0009,1,99.47,18.68,80.79
2024-02-01,PROD0029,107,STORE0004,9,171.57,44.42,1499.71
2024-03-01,PROD0045,6,STORE0003,7,204.59,14.46,1417.67
2024-04-01,PROD0005,10,STORE0002,6,496.96,46.5,2935.26
2024-05-01,PROD0023,161,STORE0003,1,499.48,49.09,450.39
2024-06-01,PROD0036,274,STORE0002,2,28.15,43.0,13.3
2024-07-01,PROD0027,99,STORE0004,6,266.53,28.19,1570.99
2024-08-01,PROD0029,5,STORE0005,8,240.06,7.65,1912.83
2024-09-01,PROD0001,94,STORE0004,1,473.4,42.71,430.69
2024-10-01,PROD0029,178,STORE0001,7,280.05,39.75,1920.6
2024-11-01,PROD0001,65,STORE0007,8,247.54,17.21,1963.11
2024-12-01,PROD0006,224,STORE0006,7,308.86,4.6,2157.42
2023-01-01,PROD0014,172,STORE0006,3,434.81,39.76,1264.67
2023-02-01,PROD0040,23,STORE0003,8,68.7,29.41,520.19
2023-03-01,PROD0020,67,STORE0009,7,361.09,21.83,2505.8
2023-04-01,PROD0037,257,STORE0004,2,151.44,33.39,269.49
2023-05-01,PROD0009,54,STORE0008,7,360.67,47.35,2477.34
2023-06-01,PROD0048,55,STORE0003,2,232.82,39.81,425.83
2023-07-01,PROD0030,220,STORE0003,5,423.47,9.84,2107.51
2023-08-01,PROD0001,23,STORE0001,6,172.52,11.15,1023.97
2023-09-01,PROD0039,116,STORE0007,3,94.24,0.06,282.66
2023-10-01,PROD0004,234,STORE0007,4,367.15,0.83,1467.77
2023-11-01,PROD0016,125,STORE0002,8,29.48,1.25,234.59
2023-12-01,PROD0018,247,STORE0004,1,494.76,38.89,455.87
2024-01-01,PROD0046,42,STORE0003,3,128.73,37.65,348.54
2024-02-01,PROD0010,224,STORE0003,9,336.53,7.62,3021.15
2024-03-01,PROD0026,83,STORE0002,7,148.92,20.5,1021.94
2024-04-01,PROD0029,35,STORE0008,4,452.67,13.93,1796.75
2024-05-01,PROD0043,180,STORE0007,8,258.16,32.38,2032.9
2024-06-01,PROD0016,279,STORE0005,1,313.4,16.08,297.32
2024-07-01,PROD0029,222,STORE0002,5,398.73,1.59,1992.06
2024-08-01,PROD0040,263,STORE0007,2,106.51,41.03,171.99
2024-09-01,PROD0002,8,STORE0002,4,154.8,29.08,590.12
2024-10-01,PROD0019,81,STORE0009,8,21.58,40.92,131.72
2024-11-01,PROD0006,127,STORE0001,7,283.56,40.86,1944.06
2024-12-01,PROD0042,82,STORE0002,4,183.21,7.77,725.07
2023-01-01,PROD0018,18,STORE0008,4,324.36,38.91,1258.53
2023-02-01,PROD0014,294,STORE0003,8,145.45,37.96,1125.64
2023-03-01,PROD0048,269,STORE0010,7,112.99,41.3,749.63
2023-04-01,PROD0034,43,STORE0004,7,298.61,45.66,2044.61
2023-05-01,PROD0040,125,STORE0003,5,184.04,27.2,893.0
2023-06-01,PROD0026,221,STORE0005,3,498.04,32.22,1461.9
2023-07-01,PROD0043,32,STORE0010,5,277.1,4.48,1381.02
2023-08-01,PROD0021,252,STORE0001,5,342.28,39.08,1672.32
2023-09-01,PROD0038,212,STORE0007,2,474.48,33.55,915.41
2023-10-01,PROD0020,183,STORE0010,4,393.12,6.63,1565.85
2023-11-01,PROD0007,113,STORE0007,1,130.08,44.32,85.76
2023-12-01,PROD0014,298,STORE0004,5,356.59,29.52,1753.43
2024-01-01,PROD0021,190,STORE0009,9,306.97,18.0,2744.73
2024-02-01,PROD0013,227,STORE0010,8,151.69,25.45,1188.07
2024-03-01,PROD0024,144,STORE0008,6,452.43,11.13,2703.45
2024-04-01,PROD0032,149,STORE0006,4,59.53,43.58,194.54
2024-05-01,PROD0039,61,STORE0004,1,38.82,17.84,20.98
2024-06-01,PROD0035,192,STORE0003,3,379.09,25.01,1112.26
2024-07-01,PROD0041,223,STORE0004,9,284.86,33.31,2530.43
2024-08-01,PROD0027,282,STORE0002,8,259.38,45.61,2029.43
2024-09-01,PROD0019,39,STORE0002,4,467.21,24.39,1844.45
2024-10-01,PROD0030,13,STORE0002,7,304.55,14.15,2117.7
2024-11-01,PROD0027,280,STORE0007,2,93.28,16.43,170.13
2024-12-01,PROD0043,63,STORE0004,3,138.11,48.1,366.23
2023-01-01,PROD0036,266,STORE0008,6,357.25,37.92,2105.58
2023-02-01,PROD0013,266,STORE0002,5,75.77,6.84,372.01
2023-03-01,PROD0038,266,STORE0002,5,398.88,34.78,1959.62
2023-04-01,PROD0011,159,STORE0002,5,382.72,13.22,1900.38
2023-05-01,PROD0023,217,STORE0001,9,61.76,28.74,527.1
2023-06-01,PROD0007,145,STORE0001,6,435.62,16.32,2597.4
2023-07-01,PROD0050,72,STORE0009,4,412.65,42.64,1607.96
2023-08-01,PROD0013,121,STORE0007,1,112.85,37.56,75.29
2023-09-01,PROD0035,21,STORE0005,9,111.38,27.98,974.44
2023-10-01,PROD0001,237,STORE0009,2,315.6,33.1,598.1
2023-11-01,PROD0026,163,STORE0003,2,125.25,1.0,249.5
2023-12-01,PROD0005,231,STORE0009,6,208.87,18.48,1234.74
2024-01-01,PROD0022,294,STORE0001,9,363.6,27.76,3244.64
2024-02-01,PROD0009,164,STORE0003,9,368.52,28.97,3287.71
2024-03-01,PROD0035,43,STORE0007,6,356.61,13.72,2125.94
2024-04-01,PROD0005,51,STORE0009,5,53.84,48.18,221.02
2024-05-01,PROD0021,97,STORE0005,1,351.21,45.68,305.53
2024-06-01,PROD0014,282,STORE0005,3,371.4,30.87,1083.33
2024-07-01,PROD0005,119,STORE0002,5,391.58,24.85,1933.05
2024-08-01,PROD0036,17,STORE0005,5,340.12,17.64,1682.96
2024-09-01,PROD0034,246,STORE0003,2,22.37,6.74,38.0
2024-10-01,PROD0022,89,STORE0009,2,398.18,31.32,765.04
2024-11-01,PROD0018,29,STORE0001,8,275.72,33.9,2171.86
2024-12-01,PROD0013,228,STORE0009,2,485.16,16.82,953.5
2023-01-01,PROD0044,39,STORE0009,9,384.19,30.26,3427.45
2023-02-01,PROD0027,59,STORE0007,9,22.21,44.25,155.64
2023-03-01,PROD0034,181,STORE0007,6,168.81,16.34,996.52
2023-04-01,PROD0043,68,STORE0004,2,118.8,7.28,230.32
2023-05-01,PROD0025,49,STORE0005,4,256.01,9.29,1014.75
2023-06-01,PROD0030,111,STORE0003,6,380.84,36.7,2248.34
2023-07-01,PROD0034,252,STORE0002,8,420.09,26.82,3333.9
2023-08-01,PROD0017,144,STORE0010,9,129.41,24.21,1140.48
2023-09-01,PROD0018,55,STORE0005,9,323.57,48.43,2863.7
2023-10-01,PROD0001,86,STORE0004,3,401.59,5.1,1199.67
2023-11-01,PROD0023,55,STORE0007,3,78.3,7.6,227.3
2023-12-01,PROD0022,198,STORE0004,7,399.2,0.1,2794.3
2024-01-01,PROD0010,8,STORE0005,8,113.61,45.05,863.83
2024-02-01,PROD0028,290,STORE0005,7,81.72,36.38,535.66
2024-03-01,PROD0013,224,STORE0010,2,372.16,41.54,702.78
2024-04-01,PROD0023,149,STORE0002,8,380.7,2.44,3043.16
2024-05-01,PROD0037,105,STORE0006,1,436.33,12.41,423.92
2024-06-01,PROD0048,100,STORE0009,2,110.88,20.8,200.96
2024-07-01,PROD0026,9,STORE0007,9,310.07,6.1,2784.53
2024-08-01,PROD0036,281,STORE0008,1,163.14,48.03,115.11
2024-09-01,PROD0009,96,STORE0002,7,125.73,16.0,864.11
2024-10-01,PROD0003,158,STORE0004,3,43.12,35.56,93.8
2024-11-01,PROD0047,142,STORE0009,4,68.18,12.55,260.17
2024-12-01,PROD0017,98,STORE0007,1,497.13,8.53,488.6
2023-01-01,PROD0007,207,STORE0004,3,100.07,2.64,297.57
2023-02-01,PROD0045,67,STORE0008,5,157.14,23.12,762.58
2023-03-01,PROD0038,56,STORE0009,6,316.13,15.68,1881.1
2023-04-01,PROD0020,234,STORE0003,3,337.76,28.49,984.79
2023-05-01,PROD0047,275,STORE0009,2,257.34,16.6,498.08
2023-06-01,PROD0042,242,STORE0006,6,396.69,43.3,2336.84
2023-07-01,PROD0022,156,STORE0005,5,316.19,42.8,1538.15
2023-08-01,PROD0014,38,STORE0008,1,405.0,40.35,364.65
2023-09-01,PROD0030,266,STORE0005,3,389.64,49.2,1119.72
2023-10-01,PROD0010,133,STORE0008,8,176.23,24.76,1385.08
2023-11-01,PROD0014,128,STORE0002,5,87.01,12.96,422.09
2023-12-01,PROD0012,61,STORE0004,1,334.45,47.23,287.22
2024-01-01,PROD0012,82,STORE0006,4,61.36,26.56,218.88
2024-02-01,PROD0010,204,STORE0009,8,374.34,26.98,2967.74
2024-03-01,PROD0010,287,STORE0004,3,232.88,9.25,689.39
2024-04-01,PROD0041,233,STORE0007,4,430.32,49.33,1671.95
2024-05-01,PROD0003,288,STORE0004,5,311.6,47.07,1510.93
2024-06-01,PROD0032,122,STORE0008,5,461.62,12.48,2295.62
2024-07-01,PROD0011,288,STORE0010,5,85.75,47.86,380.89
2024-08-01,PROD0021,197,STORE0005,5,364.55,11.64,1811.11
2024-09-01,PROD0004,267,STORE0008,9,102.25,14.3,905.95
2024-10-01,PROD0045,67,STORE0005,8,307.7,25.83,2435.77
2024-11-01,PROD0004,134,STORE0003,4,376.63,18.97,1487.55
2024-12-01,PROD0010,158,STORE0006,2,301.82,40.19,563.45
2023-01-01,PROD0009,102,STORE0005,3,377.75,20.95,1112.3
2023-02-01,PROD0007,214,STORE0007,4,264.08,46.81,1009.51
2023-03-01,PROD0028,202,STORE0005,3,234.99,40.6,664.37
2023-04-01,PROD0029,111,STORE0001,8,120.51,8.84,955.24
2023-05-01,PROD0001,78,STORE0007,1,312.81,14.32,298.49
2023-06-01,PROD0044,245,STORE0008,2,403.21,46.68,759.74
2023-07-01,PROD0047,245,STORE0005,2,33.25,27.45,39.05
2023-08-01,PROD0031,90,STORE0002,2,103.26,15.82,190.7
2023-09-01,PROD0042,97,STORE0009,4,262.38,26.22,1023.3
2023-10-01,PROD0047,195,STORE0010,7,174.3,13.96,1206.14
2023-11-01,PROD0001,69,STORE0009,9,174.77,23.91,1549.02
2023-12-01,PROD0017,256,STORE0010,8,298.13,23.71,2361.33
2024-01-01,PROD0050,29,STORE0010,4,26.16,16.92,87.72
2024-02-01,PROD0020,270,STORE0007,3,489.95,22.14,1447.71
2024-03-01,PROD0030,123,STORE0008,2,253.68,46.24,461.12
2024-04-01,PROD0009,261,STORE0009,8,437.59,25.04,3475.68
2024-05-01,PROD0014,108,STORE0005,7,403.27,45.25,2777.64
2024-06-01,PROD0011,109,STORE0005,2,164.22,19.56,308.88
2024-07-01,PROD0012,77,STORE0007,3,388.83,20.35,1146.14
2024-08-01,PROD0030,58,STORE0008,6,89.05,12.71,521.59
2024-09-01,PROD0028,8,STORE0003,5,96.17,8.22,472.63
2024-10-01,PROD0025,29,STORE0004,5,33.94,13.71,155.99
2024-11-01,PROD0013,52,STORE0009,4,28.93,36.12,79.6
2024-12-01,PROD0007,165,STORE0007,8,270.56,37.0,2127.48
2023-01-01,PROD0021,38,STORE0003,6,108.67,32.47,619.55
2023-02-01,PROD0033,23,STORE0005,4,357.59,18.91,1411.45
2023-03-01,PROD0036,292,STORE0003,5,165.6,7.15,820.85
2023-04-01,PROD0027,172,STORE0009,2,379.76,21.85,737.67
2023-05-01,PROD0009,146,STORE0004,3,38.95,14.71,102.14
2023-06-01,PROD0008,208,STORE0010,4,273.66,47.13,1047.51
2023-07-01,PROD0018,7,STORE0004,7,202.75,36.24,1383.01
2023-08-01,PROD0037,107,STORE0001,3,414.05,31.62,1210.53
2023-09-01,PROD0018,118,STORE0007,8,56.2,11.98,437.62
2023-10-01,PROD0011,258,STORE0006,2,292.13,22.61,561.65
2023-11-01,PROD0026,142,STORE0002,7,387.62,0.86,2712.48
2023-12-01,PROD0013,161,STORE0002,5,47.81,44.62,194.43
2024-01-01,PROD0050,147,STORE0004,5,368.63,42.49,1800.66
2024-02-01,PROD0046,204,STORE0007,1,29.59,48.16,-18.57
2024-03-01,PROD0033,262,STORE0010,7,458.85,22.33,3189.62
2024-04-01,PROD0039,239,STORE0001,3,299.08,6.34,890.9
2024-05-01,PROD0038,99,STORE0006,1,82.79,20.18,62.61
2024-06-01,PROD0019,30,STORE0003,4,176.89,27.33,680.23
2024-07-01,PROD0005,244,STORE0002,8,226.92,12.64,1802.72
2024-08-01,PROD0012,116,STORE0004,7,366.05,43.08,2519.27
2024-09-01,PROD0043,113,STORE0004,5,491.11,47.62,2407.93
2024-10-01,PROD0030,16,STORE0007,1,53.08,48.68,4.4
2024-11-01,PROD0018,251,STORE0006,9,205.73,27.96,1823.61
2024-12-01,PROD0017,211,STORE0003,4,361.75,9.77,1437.23
2023-01-01,PROD0008,19,STORE0007,5,216.32,31.66,1049.94
2023-02-01,PROD0034,19,STORE0002,1,306.28,47.47,258.81
2023-03-01,PROD0045,91,STORE0004,6,348.24,46.9,2042.54
2023-04-01,PROD0018,179,STORE0003,3,496.41,39.41,1449.82
2023-05-01,PROD0046,167,STORE0008,4,450.94,13.99,1789.77
2023-06-01,PROD0005,257,STORE0004,6,76.14,17.79,439.05
2023-07-01,PROD0042,127,STORE0003,7,418.63,20.67,2909.74
2023-08-01,PROD0041,227,STORE0003,5,175.56,33.69,844.11
2023-09-01,PROD0043,113,STORE0005,3,361.84,34.17,1051.35
2023-10-01,PROD0012,203,STORE0001,3,209.45,33.77,594.58
2023-11-01,PROD0032,14,STORE0004,2,167.68,28.12,307.24
2023-12-01,PROD0019,187,STORE0005,9,406.18,17.2,3638.42
2024-01-01,PROD0016,72,STORE0007,9,363.61,13.83,3258.66
2024-02-01,PROD0049,45,STORE0006,7,57.47,30.77,371.52
2024-03-01,PROD0032,51,STORE0006,5,466.37,8.75,2323.1
2024-04-01,PROD0042,121,STORE0007,2,402.72,7.86,797.58
2024-05-01,PROD0014,197,STORE0007,8,409.68,23.99,3253.45
2024-06-01,PROD0014,109,STORE0007,7,329.75,19.58,2288.67
2024-07-01,PROD0009,274,STORE0010,3,88.82,21.01,245.45
2024-08-01,PROD0048,120,STORE0007,2,218.54,30.31,406.77
2024-09-01,PROD0008,155,STORE0005,7,230.11,17.47,1593.3
2024-10-01,PROD0014,92,STORE0009,6,392.3,0.82,2352.98
2024-11-01,PROD0031,220,STORE0004,6,30.67,28.3,155.72
2024-12-01,PROD0034,103,STORE0007,1,444.99,42.1,402.89
2023-01-01,PROD0049,17,STORE0005,4,195.93,15.33,768.39
2023-02-01,PROD0040,31,STORE0004,9,314.57,30.06,2801.07
2023-03-01,PROD0028,54,STORE0003,5,460.17,6.76,2294.09
2023-04-01,PROD0006,219,STORE0007,6,257.7,29.46,1516.74
2023-05-01,PROD0018,37,STORE0010,4,310.5,21.18,1220.82
2023-06-01,PROD0017,180,STORE0003,7,367.3,42.34,2528.76
2023-07-01,PROD0041,186,STORE0009,8,223.34,48.96,1737.76
2023-08-01,PROD0042,123,STORE0001,7,480.81,40.26,3325.41
2023-09-01,PROD0032,240,STORE0007,5,248.63,9.67,1233.48
2023-10-01,PROD0020,201,STORE0007,2,266.4,15.1,517.7
2023-11-01,PROD0033,42,STORE0002,9,164.61,18.78,1462.71
2023-12-01,PROD0015,191,STORE0002,8,226.47,36.95,1774.81
2024-01-01,PROD0041,217,STORE0002,8,362.07,25.6,2870.96
2024-02-01,PROD0031,228,STORE0004,2,131.79,4.1,259.48
2024-03-01,PROD0003,8,STORE0009,5,368.93,19.38,1825.27
2024-04-01,PROD0010,45,STORE0003,8,393.13,16.13,3128.91
2024-05-01,PROD0013,178,STORE0003,7,185.78,38.55,1261.91
2024-06-01,PROD0028,233,STORE0002,4,71.42,17.08,268.6
2024-07-01,PROD0002,84,STORE0010,6,245.6,32.13,1441.47
2024-08-01,PROD0039,164,STORE0010,8,497.18,36.0,3941.44
2024-09-01,PROD0031,207,STORE0004,4,207.39,42.1,787.46
2024-10-01,PROD0002,107,STORE0008,7,143.75,39.57,966.68
2024-11-01,PROD0005,65,STORE0008,8,235.97,11.86,1875.9
2024-12-01,PROD0032,144,STORE0009,4,88.17,41.47,311.21
2023-01-01,PROD0001,47,STORE0008,3,318.48,12.8,942.64
2023-02-01,PROD0018,77,STORE0004,2,169.85,8.24,331.46
2023-03-01,PROD0013,254,STORE0009,4,353.62,14.56,1399.92
2023-04-01,PROD0013,135,STORE0007,4,431.11,27.69,1696.75
2023-05-01,PROD0020,141,STORE0010,4,240.48,31.29,930.63
2023-06-01,PROD0009,104,STORE0001,1,400.8,33.21,367.59
2023-07-01,PROD0005,232,STORE0007,9,458.85,0.4,4129.25
2023-08-01,PROD0049,209,STORE0010,2,310.19,16.75,603.63
2023-09-01,PROD0033,113,STORE0006,7,184.05,34.67,1253.68
2023-10-01,PROD0023,69,STORE0010,4,26.63,15.07,91.45
2023-11-01,PROD0031,187,STORE0010,3,244.11,33.57,698.76
2023-12-01,PROD0017,59,STORE0005,9,290.29,44.17,2568.44
2024-01-01,PROD0040,111,STORE0001,5,29.81,3.07,145.98
2024-02-01,PROD0050,147,STORE0001,7,403.21,16.73,2805.74
2024-03-01,PROD0045,86,STORE0005,6,486.18,9.22,2907.86
2024-04-01,PROD0022,34,STORE0010,6,336.71,12.79,2007.47
2024-05-01,PROD0043,258,STORE0002,8,223.08,15.93,1768.71
2024-06-01,PROD0017,13,STORE0001,8,193.3,33.95,1512.45
2024-07-01,PROD0007,47,STORE0003,9,338.52,46.3,3000.38
2024-08-01,PROD0001,151,STORE0005,7,466.39,4.27,3260.46
2024-09-01,PROD0021,279,STORE0008,9,232.29,29.13,2061.48
2024-10-01,PROD0003,189,STORE0003,9,449.82,24.14,4024.24
2024-11-01,PROD0029,40,STORE0008,3,121.32,48.56,315.4
2024-12-01,PROD0021,165,STORE0003,2,418.99,24.45,813.53
2023-01-01,PROD0025,227,STORE0008,2,278.04,40.05,516.03
2023-02-01,PROD0048,65,STORE0004,9,431.67,11.59,3873.44
2023-03-01,PROD0038,172,STORE0002,7,393.93,18.62,2738.89
2023-04-01,PROD0014,89,STORE0003,2,151.71,14.39,289.03
2023-05-01,PROD0011,87,STORE0005,8,49.66,33.01,364.27
2023-06-01,PROD0018,4,STORE0009,2,155.73,7.96,303.5
2023-07-01,PROD0048,120,STORE0008,6,86.68,18.5,501.58
2023-08-01,PROD0017,58,STORE0007,8,437.96,0.93,3502.75
2023-09-01,PROD0037,112,STORE0008,8,155.6,32.45,1212.35
2023-10-01,PROD0041,143,STORE0009,4,320.51,41.22,1240.82
2023-11-01,PROD0015,264,STORE0005,5,481.72,40.25,2368.35
2023-12-01,PROD0010,155,STORE0006,1,426.47,1.14,425.33
2024-01-01,PROD0048,133,STORE0008,9,155.2,36.82,1359.98
2024-02-01,PROD0036,188,STORE0003,5,346.38,29.48,1702.42
2024-03-01,PROD0044,254,STORE0009,4,466.61,25.26,1841.18
2024-04-01,PROD0030,295,STORE0009,5,379.1,39.67,1855.83
2024-05-01,PROD0039,168,STORE0001,9,49.09,40.28,401.53
2024-06-01,PROD0009,105,STORE0004,5,169.18,19.87,826.03
2024-07-01,PROD0042,160,STORE0002,3,382.49,30.37,1117.1
2024-08-01,PROD0011,243,STORE0002,6,261.7,47.23,1522.97
2024-09-01,PROD0045,125,STORE0004,4,268.32,36.4,1036.88
2024-10-01,PROD0010,184,STORE0006,6,306.26,46.7,1790.86
2024-11-01,PROD0018,106,STORE0008,6,210.43,31.54,1231.04
2024-12-01,PROD0021,94,STORE0006,9,120.48,20.66,1063.66
2023-01-01,PROD0009,168,STORE0001,7,339.54,44.51,2332.27
2023-02-01,PROD0021,253,STORE0004,4,473.46,8.99,1884.85
2023-03-01,PROD0045,218,STORE0004,7,156.1,49.11,1043.59
2023-04-01,PROD0018,89,STORE0006,7,263.52,35.67,1808.97
2023-05-01,PROD0025,69,STORE0004,8,287.26,9.41,2288.67
2023-06-01,PROD0039,285,STORE0008,7,330.22,41.1,2270.44
2023-07-01,PROD0036,61,STORE0004,2,46.75,45.62,47.88
2023-08-01,PROD0002,96,STORE0008,8,194.56,23.13,1533.35
2023-09-01,PROD0035,174,STORE0005,9,191.9,36.34,1690.76
2023-10-01,PROD0036,45,STORE0002,8,496.25,45.76,3924.24
2023-11-01,PROD0021,21,STORE0001,9,165.81,17.28,1475.01
2023-12-01,PROD0030,299,STORE0010,1,171.08,7.81,163.27
2024-01-01,PROD0013,198,STORE0001,4,425.98,33.75,1670.17
2024-02-01,PROD0019,54,STORE0002,4,130.7,18.46,504.34
2024-03-01,PROD0030,295,STORE0007,5,485.04,35.72,2389.48
2024-04-01,PROD0048,204,STORE0002,2,415.95,14.97,816.93
2024-05-01,PROD0027,208,STORE0006,9,298.01,18.24,2663.85
2024-06-01,PROD0038,85,STORE0002,3,372.23,18.33,1098.36
2024-07-01,PROD0013,207,STORE0002,3,299.33,23.36,874.63
2024-08-01,PROD0031,201,STORE0001,4,467.92,3.91,1867.77
2024-09-01,PROD0011,273,STORE0008,7,418.16,38.69,2888.43
2024-10-01,PROD0007,251,STORE0001,1,465.4,27.89,437.51
2024-11-01,PROD0024,68,STORE0006,8,34.1,45.6,227.2
2024-12-01,PROD0017,92,STORE0004,4,332.17,21.36,1307.32
2023-01-01,PROD0030,38,STORE0005,4,424.37,32.9,1664.58
2023-02-01,PROD0039,197,STORE0007,7,271.8,3.99,1898.61
2023-03-01,PROD0009,249,STORE0009,4,370.07,43.5,1436.78
2023-04-01,PROD0027,95,STORE0007,1,488.1,35.31,452.79
2023-05-01,PROD0041,19,STORE0006,2,441.9,21.95,861.85
2023-06-01,PROD0043,225,STORE0008,4,236.15,31.85,912.75
2023-07-01,PROD0019,161,STORE0010,7,163.9,39.4,1107.9
2023-08-01,PROD0036,7,STORE0006,2,162.75,1.62,323.88
2023-09-01,PROD0007,220,STORE0002,2,320.95,7.99,633.91
2023-10-01,PROD0027,294,STORE0010,8,486.79,41.76,3852.56
2023-11-01,PROD0043,23,STORE0003,5,440.35,43.81,2157.94
2023-12-01,PROD0042,161,STORE0001,3,287.72,20.93,842.23
2024-01-01,PROD0050,128,STORE0001,4,159.92,15.27,624.41
2024-02-01,PROD0022,32,STORE0008,5,242.48,47.52,1164.88
2024-03-01,PROD0002,291,STORE0003,2,294.33,49.78,538.88
2024-04-01,PROD0031,253,STORE0002,3,51.0,20.42,132.58
2024-05-01,PROD0037,234,STORE0003,7,254.26,0.1,1779.72
2024-06-01,PROD0050,209,STORE0002,7,390.15,25.86,2705.19
2024-07-01,PROD0017,102,STORE0009,5,423.16,3.58,2112.22
2024-08-01,PROD0012,54,STORE0007,2,145.92,28.95,262.89
2024-09-01,PROD0038,194,STORE0007,5,477.63,21.45,2366.7
2024-10-01,PROD0049,57,STORE0007,1,173.7,39.85,133.85
2024-11-01,PROD0024,289,STORE0007,2,205.5,22.11,388.89
2024-12-01,PROD0016,278,STORE0007,8,29.73,6.6,231.24
2023-01-01,PROD0040,192,STORE0007,7,189.02,29.67,1293.47
2023-02-01,PROD0043,9,STORE0002,1,297.59,3.9,293.69
2023-03-01,PROD0047,216,STORE0008,4,152.02,22.08,586.0
2023-04-01,PROD0038,202,STORE0001,5,289.54,48.63,1399.07
2023-05-01,PROD0015,83,STORE0001,1,368.34,13.64,354.7
2023-06-01,PROD0019,78,STORE0009,7,229.37,25.39,1580.2
2023-07-01,PROD0008,266,STORE0007,2,372.02,31.91,712.13
2023-08-01,PROD0049,282,STORE0002,6,216.62,39.1,1260.62
2023-09-01,PROD0013,210,STORE0008,9,411.78,45.62,3660.4
2023-10-01,PROD0041,15,STORE0009,5,48.15,19.19,221.56
2023-11-01,PROD0043,250,STORE0001,8,236.64,21.37,1871.75
2023-12-01,PROD0045,144,STORE0007,2,411.58,13.79,809.37
2024-01-01,PROD0017,190,STORE0005,5,383.53,21.65,1896.0
2024-02-01,PROD0044,73,STORE0010,8,170.25,28.66,1333.34
2024-03-01,PROD0004,55,STORE0005,4,490.82,27.66,1935.62
2024-04-01,PROD0031,285,STORE0005,5,255.85,6.64,1272.61
2024-05-01,PROD0001,168,STORE0007,8,422.51,0.36,3379.72
2024-06-01,PROD0010,58,STORE0008,4,212.35,35.16,814.24
2024-07-01,PROD0015,300,STORE0009,4,497.97,17.53,1974.35
2024-08-01,PROD0034,43,STORE0004,9,306.62,23.87,2735.71
2024-09-01,PROD0043,129,STORE0002,5,408.51,23.69,2018.86
2024-10-01,PROD0013,153,STORE0006,7,407.71,13.82,2840.15
2024-11-01,PROD0048,55,STORE0007,7,368.33,14.37,2563.94
2024-12-01,PROD0029,230,STORE0007,5,489.83,8.55,2440.6
2023-01-01,PROD0039,289,STORE0002,7,131.48,36.37,883.99
2023-02-01,PROD0016,157,STORE0008,3,195.39,36.03,550.14
2023-03-01,PROD0036,98,STORE0009,4,290.67,30.74,1131.94
2023-04-01,PROD0035,15,STORE0005,7,143.34,37.92,965.46
2023-05-01,PROD0008,204,STORE0010,2,184.8,45.65,323.95
2023-06-01,PROD0010,64,STORE0007,7,131.5,31.71,888.79
2023-07-01,PROD0047,154,STORE0005,6,111.12,40.62,626.1
2023-08-01,PROD0046,281,STORE0006,9,229.75,16.44,2051.31
2023-09-01,PROD0004,117,STORE0001,8,225.84,1.61,1805.11
2023-10-01,PROD0041,270,STORE0004,8,331.76,16.02,2638.06
2023-11-01,PROD0027,107,STORE0005,4,403.63,33.21,1581.31
2023-12-01,PROD0044,175,STORE0009,2,237.2,10.79,463.61
2024-01-01,PROD0032,80,STORE0008,7,309.64,26.45,2141.03
2024-02-01,PROD0029,98,STORE0003,9,395.21,15.96,3540.93
2024-03-01,PROD0017,115,STORE0008,2,498.1,15.76,980.44
2024-04-01,PROD0026,148,STORE0001,1,178.95,14.66,164.29
2024-05-01,PROD0021,78,STORE0004,9,58.82,35.58,493.8
2024-06-01,PROD0006,189,STORE0004,9,138.55,32.91,1214.04
2024-07-01,PROD0015,48,STORE0005,7,128.56,33.05,866.87
2024-08-01,PROD0049,295,STORE0001,6,29.32,15.05,160.87
2024-09-01,PROD0044,273,STORE0008,7,438.94,25.89,3046.69
2024-10-01,PROD0036,15,STORE0008,3,162.26,5.05,481.73
2024-11-01,PROD0011,16,STORE0004,3,44.77,40.19,94.12
2024-12-01,PROD0028,182,STORE0001,7,391.52,39.94,2700.7
2023-01-01,PROD0017,1,STORE0005,4,423.86,39.94,1655.5
2023-02-01,PROD0043,84,STORE0001,2,346.21,21.05,671.37
2023-03-01,PROD0014,271,STORE0003,1,67.77,33.95,33.82
2023-04-01,PROD0023,26,STORE0007,4,56.34,12.74,212.62
2023-05-01,PROD0035,97,STORE0004,4,409.33,33.72,1603.6
2023-06-01,PROD0008,231,STORE0009,4,315.17,39.68,1221.0
2023-07-01,PROD0012,128,STORE0005,8,77.7,49.67,571.93
2023-08-01,PROD0046,172,STORE0009,5,126.4,2.91,629.09
2023-09-01,PROD0043,117,STORE0004,5,238.45,44.4,1147.85
2023-10-01,PROD0047,57,STORE0001,1,183.35,29.54,153.81
2023-11-01,PROD0026,188,STORE0008,8,178.12,0.48,1424.48
2023-12-01,PROD0024,91,STORE0009,8,200.35,45.22,1557.58
2024-01-01,PROD0025,134,STORE0008,3,236.85,13.27,697.28
2024-02-01,PROD0018,131,STORE0008,8,233.67,1.68,1867.68
2024-03-01,PROD0029,182,STORE0001,8,467.32,42.97,3695.59
2024-04-01,PROD0018,60,STORE0009,6,87.92,0.25,527.27
2024-05-01,PROD0025,18,STORE0010,8,363.42,27.25,2880.11
2024-06-01,PROD0005,3,STORE0007,9,301.81,41.44,2674.85
2024-07-01,PROD0031,4,STORE0009,8,423.17,41.19,3344.17
2024-08-01,PROD0002,105,STORE0009,5,226.78,23.99,1109.91
2024-09-01,PROD0042,56,STORE0004,8,397.17,20.64,3156.72
2024-10-01,PROD0047,212,STORE0004,7,328.32,43.97,2254.27
2024-11-01,PROD0039,201,STORE0005,9,160.01,28.85,1411.24
2024-12-01,PROD0005,299,STORE0006,7,55.8,25.02,365.58
2023-01-01,PROD0017,228,STORE0003,3,359.86,0.52,1079.06
2023-02-01,PROD0004,143,STORE0001,4,234.2,6.72,930.08
2023-03-01,PROD0047,290,STORE0006,1,359.26,16.37,342.89
2023-04-01,PROD0008,238,STORE0003,6,208.75,13.56,1238.94
2023-05-01,PROD0039,136,STORE0009,6,467.92,41.03,2766.49
2023-06-01,PROD0040,58,STORE0006,7,458.3,13.93,3194.17
2023-07-01,PROD0043,231,STORE0001,4,52.76,25.38,185.66
2023-08-01,PROD0012,220,STORE0001,8,223.53,29.99,1758.25
2023-09-01,PROD0018,158,STORE0007,4,280.1,24.51,1095.89
2023-10-01,PROD0034,281,STORE0005,3,446.88,29.89,1310.75
2023-11-01,PROD0023,86,STORE0006,7,99.99,49.8,650.13
2023-12-01,PROD0014,236,STORE0003,4,225.36,20.6,880.84
2024-01-01,PROD0002,58,STORE0009,6,203.68,14.82,1207.26
2024-02-01,PROD0043,148,STORE0002,7,460.49,11.36,3212.07
2024-03-01,PROD0004,181,STORE0006,9,431.82,1.31,3885.07
2024-04-01,PROD0027,195,STORE0006,7,231.81,27.01,1595.66
2024-05-01,PROD0048,255,STORE0005,5,223.41,38.84,1078.21
2024-06-01,PROD0012,105,STORE0010,9,136.67,48.18,1181.85
2024-07-01,PROD0042,159,STORE0003,3,25.7,18.5,58.6
2024-08-01,PROD0028,212,STORE0002,1,189.91,18.12,171.79
2024-09-01,PROD0027,293,STORE0006,3,288.49,9.99,855.48
2024-10-01,PROD0048,265,STORE0009,8,67.61,46.27,494.61
2024-11-01,PROD0036,287,STORE0001,6,299.13,27.39,1767.39
2024-12-01,PROD0049,91,STORE0008,1,191.29,12.06,179.23
2023-01-01,PROD0015,286,STORE0001,4,234.06,39.67,896.57
2023-02-01,PROD0015,168,STORE0009,5,474.32,24.48,2347.12
2023-03-01,PROD0027,12,STORE0008,4,389.41,28.45,1529.19
2023-04-01,PROD0018,16,STORE0004,2,219.5,5.52,433.48
2023-05-01,PROD0016,36,STORE0009,7,261.8,10.02,1822.58
2023-06-01,PROD0021,99,STORE0008,1,122.49,5.96,116.53
2023-07-01,PROD0005,240,STORE0009,2,382.49,26.29,738.69
2023-08-01,PROD0034,168,STORE0005,2,487.47,2.62,972.32
2023-09-01,PROD0004,15,STORE0008,3,281.62,35.92,808.94
2023-10-01,PROD0039,89,STORE0008,6,198.16,38.13,1150.83
2023-11-01,PROD0012,249,STORE0009,9,94.76,5.77,847.07
2023-12-01,PROD0005,291,STORE0005,1,119.8,19.68,100.12
2024-01-01,PROD0037,24,STORE0010,9,293.83,28.24,2616.23
2024-02-01,PROD0050,87,STORE0007,7,440.42,14.82,3068.12
2024-03-01,PROD0017,176,STORE0002,1,177.76,36.8,140.96
2024-04-01,PROD0049,72,STORE0007,8,84.28,30.81,643.43
2024-05-01,PROD0026,275,STORE0008,3,344.77,2.44,1031.87
2024-06-01,PROD0047,243,STORE0006,1,88.41,29.61,58.8
2024-07-01,PROD0018,102,STORE0003,2,498.07,23.22,972.92
2024-08-01,PROD0045,255,STORE0007,9,295.73,28.24,2633.33
2024-09-01,PROD0008,137,STORE0001,2,110.89,22.74,199.04
2024-10-01,PROD0026,65,STORE0003,9,338.52,32.6,3014.08
2024-11-01,PROD0024,141,STORE0004,5,285.92,34.7,1394.9
2024-12-01,PROD0025,179,STORE0010,5,400.78,22.5,1981.4
2023-01-01,PROD0006,105,STORE0004,7,242.41,24.7,1672.17
2023-02-01,PROD0033,150,STORE0006,5,119.09,44.16,551.29
2023-03-01,PROD0016,76,STORE0002,5,362.42,23.46,1788.64
2023-04-01,PROD0007,151,STORE0003,2,308.25,5.72,610.78
2023-05-01,PROD0012,186,STORE0004,9,239.11,42.29,2109.7
2023-06-01,PROD0032,34,STORE0006,3,332.56,28.6,969.08
2023-07-01,PROD0034,224,STORE0002,4,274.18,45.06,1051.66
2023-08-01,PROD0029,159,STORE0008,1,373.4,24.26,349.14
2023-09-01,PROD0049,191,STORE0007,3,340.07,43.65,976.56
2023-10-01,PROD0006,280,STORE0005,3,49.4,16.07,132.13
2023-11-01,PROD0017,102,STORE0004,7,490.14,26.5,3404.48
2023-12-01,PROD0044,75,STORE0009,1,465.67,46.35,419.32
2024-01-01,PROD0048,86,STORE0006,2,434.2,11.57,856.83
2024-02-01,PROD0029,73,STORE0002,9,430.84,39.34,3838.22
2024-03-01,PROD0010,192,STORE0001,9,111.33,20.95,981.02
2024-04-01,PROD0026,16,STORE0009,4,497.81,47.11,1944.13
2024-05-01,PROD0005,53,STORE0010,6,462.46,14.7,2760.06
2024-06-01,PROD0020,205,STORE0008,7,240.31,44.76,1637.41
2024-07-01,PROD0042,8,STORE0010,9,380.84,35.2,3392.36
2024-08-01,PROD0045,290,STORE0003,7,381.85,46.99,2625.96
2024-09-01,PROD0049,141,STORE0010,9,383.29,4.51,3445.1
2024-10-01,PROD0046,221,STORE0003,8,268.45,35.13,2112.47
2024-11-01,PROD0021,101,STORE0010,6,104.99,14.86,615.08
2024-12-01,PROD0021,295,STORE0004,5,370.17,32.14,1818.71
2023-01-01,PROD0042,295,STORE0006,9,145.49,41.22,1268.19
2023-02-01,PROD0013,21,STORE0010,3,167.35,0.45,501.6
2023-03-01,PROD0043,291,STORE0003,1,150.51,39.19,111.32
2023-04-01,PROD0049,268,STORE0003,4,263.68,12.34,1042.38
2023-05-01,PROD0016,124,STORE0002,1,269.17,35.07,234.1
2023-06-01,PROD0016,13,STORE0006,1,400.01,36.46,363.55
2023-07-01,PROD0008,162,STORE0003,5,53.57,37.83,230.02
2023-08-01,PROD0005,172,STORE0008,4,290.77,9.42,1153.66
2023-09-01,PROD0002,62,STORE0001,7,346.07,34.5,2387.99
2023-10-01,PROD0028,164,STORE0008,1,146.65,36.54,110.11
2023-11-01,PROD0015,117,STORE0005,7,432.4,7.72,3019.08
2023-12-01,PROD0006,108,STORE0004,4,166.58,38.89,627.43
2024-01-01,PROD0046,9,STORE0002,7,181.85,5.13,1267.82
2024-02-01,PROD0046,86,STORE0003,5,274.11,16.7,1353.85
2024-03-01,PROD0023,262,STORE0005,5,359.08,20.11,1775.29
2024-04-01,PROD0014,15,STORE0008,8,191.64,38.86,1494.26
2024-05-01,PROD0027,34,STORE0006,4,360.1,45.44,1394.96
2024-06-01,PROD0047,128,STORE0004,9,105.62,49.35,901.23
2024-07-01,PROD0016,10,STORE0004,5,271.78,46.16,1312.74
2024-08-01,PROD0009,135,STORE0002,4,450.83,5.55,1797.77
2024-09-01,PROD0029,38,STORE0002,2,344.45,17.85,671.05
2024-10-01,PROD0021,120,STORE0010,9,486.71,28.32,4352.07
2024-11-01,PROD0038,57,STORE0005,3,315.43,11.65,934.64
2024-12-01,PROD0016,42,STORE0006,4,460.62,46.84,1795.64
2023-01-01,PROD0037,91,STORE0002,1,470.23,40.87,429.36
2023-02-01,PROD0017,143,STORE0006,3,341.03,2.5,1020.59
2023-03-01,PROD0005,231,STORE0002,3,319.36,48.35,909.73
2023-04-01,PROD0011,34,STORE0009,5,42.35,25.88,185.87
2023-05-01,PROD0021,122,STORE0007,6,404.59,12.44,2415.1
2023-06-01,PROD0039,217,STORE0001,7,36.21,49.84,203.63
2023-07-01,PROD0040,34,STORE0007,2,23.98,21.49,26.47
2023-08-01,PROD0012,29,STORE0007,5,408.2,33.45,2007.55
2023-09-01,PROD0033,259,STORE0001,2,447.76,16.72,878.8
2023-10-01,PROD0027,252,STORE0002,6,224.88,10.99,1338.29
2023-11-01,PROD0005,101,STORE0002,6,155.62,44.75,888.97
2023-12-01,PROD0024,233,STORE0003,2,147.58,43.17,251.99
2024-01-01,PROD0002,296,STORE0009,1,115.54,49.37,66.17
2024-02-01,PROD0014,42,STORE0009,5,302.92,9.47,1505.13
2024-03-01,PROD0042,78,STORE0007,8,413.82,22.58,3287.98
2024-04-01,PROD0042,104,STORE0002,9,364.14,37.67,3239.59
2024-05-01,PROD0034,84,STORE0002,5,469.46,48.65,2298.65
2024-06-01,PROD0003,152,STORE0006,8,219.09,40.4,1712.32
2024-07-01,PROD0023,9,STORE0004,4,226.59,44.26,862.1
2024-08-01,PROD0050,1,STORE0008,3,249.57,46.82,701.89
2024-09-01,PROD0003,17,STORE0002,3,95.49,34.85,251.62
2024-10-01,PROD0021,236,STORE0003,2,70.09,3.91,136.27
2024-11-01,PROD0019,38,STORE0006,8,327.83,4.45,2618.19
2024-12-01,PROD0010,263,STORE0001,4,133.45,2.29,531.51
2023-01-01,PROD0042,149,STORE0001,3,222.53,26.64,640.95
2023-02-01,PROD0043,121,STORE0008,4,497.73,45.32,1945.6
2023-03-01,PROD0021,49,STORE0008,4,240.28,28.66,932.46
2023-04-01,PROD0014,286,STORE0007,7,347.13,7.53,2422.38
2023-05-01,PROD0033,21,STORE0010,9,179.48,4.5,1610.82
2023-06-01,PROD0006,59,STORE0004,6,242.37,2.39,1451.83
2023-07-01,PROD0048,14,STORE0008,1,78.56,29.9,48.66
2023-08-01,PROD0025,21,STORE0002,1,90.26,47.61,42.65
2023-09-01,PROD0045,53,STORE0003,1,256.23,37.1,219.13
2023-10-01,PROD0036,164,STORE0004,3,450.57,22.1,1329.61
2023-11-01,PROD0044,146,STORE0008,9,107.56,38.65,929.39
2023-12-01,PROD0027,225,STORE0010,1,357.86,46.1,311.76
2024-01-01,PROD0016,31,STORE0002,8,187.54,5.36,1494.96
2024-02-01,PROD0045,63,STORE0008,5,456.77,40.81,2243.04
2024-03-01,PROD0007,258,STORE0006,8,306.58,23.02,2429.62
2024-04-01,PROD0019,240,STORE0009,3,28.83,37.32,49.17
2024-05-01,PROD0046,21,STORE0006,4,169.3,49.18,628.02
2024-06-01,PROD0006,263,STORE0004,6,133.62,42.14,759.58
2024-07-01,PROD0002,109,STORE0004,8,469.82,16.1,3742.46
2024-08-01,PROD0016,283,STORE0001,7,86.03,28.41,573.8
2024-09-01,PROD0002,281,STORE0006,4,300.12,49.62,1150.86
2024-10-01,PROD0010,86,STORE0003,2,138.18,32.86,243.5
2024-11-01,PROD0019,87,STORE0003,5,428.09,46.11,2094.34
2024-12-01,PROD0039,262,STORE0001,4,148.39,9.51,584.05
2023-01-01,PROD0014,32,STORE0008,9,185.42,35.76,1633.02
2023-02-01,PROD0015,256,STORE0005,4,29.35,40.34,77.06
2023-03-01,PROD0048,117,STORE0004,8,248.52,5.13,1983.03
2023-04-01,PROD0009,10,STORE0009,9,148.74,17.31,1321.35
2023-05-01,PROD0014,178,STORE0003,6,61.04,9.09,357.15
2023-06-01,PROD0015,183,STORE0009,2,282.52,48.98,516.06
2023-07-01,PROD0018,77,STORE0008,8,343.64,39.54,2709.58
2023-08-01,PROD0018,71,STORE0001,2,51.86,9.2,94.52
2023-09-01,PROD0029,296,STORE0003,4,59.86,38.16,201.28
2023-10-01,PROD0005,115,STORE0001,1,430.31,14.5,415.81
2023-11-01,PROD0001,125,STORE0008,4,346.51,19.94,1366.1
2023-12-01,PROD0039,185,STORE0006,3,364.33,12.5,1080.49
2024-01-01,PROD0038,275,STORE0003,8,202.16,42.59,1574.69
2024-02-01,PROD0003,89,STORE0010,1,26.71,20.89,5.82
2024-03-01,PROD0032,41,STORE0009,7,152.99,45.65,1025.28
2024-04-01,PROD0011,30,STORE0002,4,258.99,24.08,1011.88
2024-05-01,PROD0006,274,STORE0005,3,176.54,4.23,525.39
2024-06-01,PROD0039,29,STORE0005,4,112.84,44.35,407.01
2024-07-01,PROD0021,1,STORE0002,1,400.11,26.42,373.69
2024-08-01,PROD0031,56,STORE0006,4,60.13,36.19,204.33
2024-09-01,PROD0010,48,STORE0004,2,100.07,15.83,184.31
2024-10-01,PROD0006,259,STORE0008,9,495.96,27.9,4435.74
2024-11-01,PROD0033,47,STORE0006,1,83.32,31.15,52.17
2024-12-01,PROD0038,294,STORE0008,1,476.03,17.51,458.52
2023-01-01,PROD0022,289,STORE0004,7,195.51,47.87,1320.7
2023-02-01,PROD0030,6,STORE0005,6,71.61,10.15,419.51
2023-03-01,PROD0014,179,STORE0008,3,404.79,45.02,1169.35
2023-04-01,PROD0044,264,STORE0010,6,155.66,12.74,921.22
2023-05-01,PROD0034,233,STORE0002,6,325.43,16.34,1936.24
2023-06-01,PROD0027,161,STORE0003,3,424.33,19.24,1253.75
2023-07-01,PROD0012,137,STORE0007,3,150.91,14.59,438.14
2023-08-01,PROD0050,167,STORE0002,8,110.52,11.38,872.78
2023-09-01,PROD0007,16,STORE0004,8,451.05,25.53,3582.87
2023-10-01,PROD0015,142,STORE0005,2,69.69,32.84,106.54
2023-11-01,PROD0044,187,STORE0007,4,438.22,24.36,1728.52
2023-12-01,PROD0013,146,STORE0003,9,37.49,43.72,293.69
2024-01-01,PROD0006,263,STORE0006,7,372.01,4.52,2599.55
2024-02-01,PROD0016,250,STORE0004,7,460.8,44.38,3181.22
2024-03-01,PROD0019,38,STORE0006,5,477.3,8.53,2377.97
2024-04-01,PROD0011,221,STORE0009,3,363.62,13.51,1077.35
2024-05-01,PROD0006,250,STORE0001,9,234.66,45.89,2066.05
2024-06-01,PROD0036,228,STORE0003,2,339.45,15.32,663.58
2024-07-01,PROD0016,254,STORE0005,5,349.86,19.59,1729.71
2024-08-01,PROD0014,146,STORE0004,2,46.93,32.08,61.78
2024-09-01,PROD0033,54,STORE0004,5,316.7,14.62,1568.88
2024-10-01,PROD0043,179,STORE0003,2,324.09,35.58,612.6
2024-11-01,PROD0002,171,STORE0007,9,302.93,13.09,2713.28
2024-12-01,PROD0014,270,STORE0008,5,245.48,28.79,1198.61
2023-01-01,PROD0049,293,STORE0002,5,121.64,4.06,604.14
2023-02-01,PROD0049,182,STORE0004,7,191.57,10.92,1330.07
2023-03-01,PROD0049,279,STORE0001,6,262.65,24.76,1551.14
2023-04-01,PROD0034,127,STORE0002,4,65.65,14.6,248.0
2023-05-01,PROD0028,152,STORE0003,5,374.7,29.19,1844.31
2023-06-01,PROD0017,122,STORE0001,7,458.72,41.77,3169.27
2023-07-01,PROD0023,42,STORE0004,4,118.41,23.74,449.9
2023-08-01,PROD0019,108,STORE0009,2,168.61,6.44,330.78
2023-09-01,PROD0014,257,STORE0005,3,311.4,9.84,924.36
2023-10-01,PROD0001,146,STORE0003,8,245.09,2.83,1957.89
2023-11-01,PROD0010,281,STORE0008,9,465.51,16.19,4173.4
2023-12-01,PROD0020,188,STORE0008,1,419.68,34.81,384.87
2024-01-01,PROD0025,121,STORE0008,5,273.6,1.03,1366.97
2024-02-01,PROD0017,159,STORE0003,2,452.01,7.23,896.79
2024-03-01,PROD0021,163,STORE0004,4,146.73,18.96,567.96
2024-04-01,PROD0026,266,STORE0003,9,144.37,31.64,1267.69
2024-05-01,PROD0046,196,STORE0010,5,169.65,3.43,844.82
2024-06-01,PROD0033,5,STORE0010,8,392.26,46.55,3091.53
2024-07-01,PROD0017,251,STORE0004,5,361.34,29.4,1777.3
2024-08-01,PROD0042,200,STORE0009,4,174.2,30.47,666.33
2024-09-01,PROD0027,244,STORE0004,2,372.88,19.81,725.95
2024-10-01,PROD0040,78,STORE0007,4,147.67,15.61,575.07
2024-11-01,PROD0010,236,STORE0005,6,44.59,16.67,250.87
2024-12-01,PROD0002,226,STORE0006,5,207.92,37.68,1001.92
2023-01-01,PROD0045,220,STORE0006,1,26.28,9.73,16.55
2023-02-01,PROD0050,292,STORE0008,4,159.2,11.12,625.68
2023-03-01,PROD0033,249,STORE0003,8,168.52,43.42,1304.74
2023-04-01,PROD0029,293,STORE0005,8,452.79,38.28,3584.04
2023-05-01,PROD0020,38,STORE0004,8,156.56,10.81,1241.67
2023-06-01,PROD0024,205,STORE0010,3,219.37,7.77,650.34
2023-07-01,PROD0042,216,STORE0003,2,398.08,35.76,760.4
2023-08-01,PROD0035,271,STORE0004,7,172.78,1.93,1207.53
2023-09-01,PROD0016,162,STORE0009,7,60.57,38.01,385.98
2023-10-01,PROD0034,240,STORE0001,8,451.39,46.35,3564.77
2023-11-01,PROD0019,252,STORE0001,2,146.76,36.37,257.15
2023-12-01,PROD0016,273,STORE0010,6,401.9,9.53,2401.87
2024-01-01,PROD0024,23,STORE0002,3,343.18,48.85,980.69
2024-02-01,PROD0045,70,STORE0006,4,265.11,39.27,1021.17
2024-03-01,PROD0027,288,STORE0009,7,157.55,3.94,1098.91
2024-04-01,PROD0016,214,STORE0006,8,149.36,45.13,1149.75
2024-05-01,PROD0035,258,STORE0007,5,191.9,16.53,942.97
2024-06-01,PROD0036,56,STORE0002,7,366.79,5.51,2562.02
2024-07-01,PROD0005,15,STORE0008,2,294.61,28.42,560.8
2024-08-01,PROD0009,260,STORE0003,9,473.58,41.32,4220.9
2024-09-01,PROD0048,278,STORE0007,6,387.17,41.27,2281.75
2024-10-01,PROD0030,98,STORE0009,4,341.94,32.16,1335.6
2024-11-01,PROD0009,111,STORE0007,5,408.89,24.48,2019.97
2024-12-01,PROD0004,216,STORE0009,6,410.29,37.09,2424.65
2023-01-01,PROD0043,44,STORE0009,2,108.14,2.62,213.66
2023-02-01,PROD0050,86,STORE0003,8,220.6,2.26,1762.54
2023-03-01,PROD0037,149,STORE0008,2,125.26,39.69,210.83
2023-04-01,PROD0017,49,STORE0001,2,374.42,26.6,722.24
2023-05-01,PROD0001,298,STORE0002,2,299.58,33.16,566.0
2023-06-01,PROD0039,288,STORE0005,5,429.7,13.42,2135.08
2023-07-01,PROD0002,162,STORE0008,9,188.23,39.07,1655.0
2023-08-01,PROD0013,230,STORE0002,5,281.99,32.28,1377.67
2023-09-01,PROD0039,214,STORE0010,8,329.46,43.03,2592.65
2023-10-01,PROD0002,111,STORE0003,8,118.27,44.45,901.71
2023-11-01,PROD0037,38,STORE0009,3,45.52,33.81,102.75
2023-12-01,PROD0044,118,STORE0004,9,163.63,34.26,1438.41
2024-01-01,PROD0038,109,STORE0008,6,476.72,10.84,2849.48
2024-02-01,PROD0012,13,STORE0005,5,396.15,3.85,1976.9
2024-03-01,PROD0039,208,STORE0006,7,267.67,33.54,1840.15
2024-04-01,PROD0037,184,STORE0009,6,403.99,9.12,2414.82
2024-05-01,PROD0015,24,STORE0004,4,312.87,24.99,1226.49
2024-06-01,PROD0021,98,STORE0001,2,487.64,43.89,931.39
2024-07-01,PROD0038,152,STORE0002,2,35.18,37.91,32.45
2024-08-01,PROD0012,99,STORE0006,2,182.45,28.39,336.51
2024-09-01,PROD0003,250,STORE0009,4,433.21,33.32,1699.52
2024-10-01,PROD0017,250,STORE0001,6,270.89,25.2,1600.14
2024-11-01,PROD0003,255,STORE0008,3,225.65,9.18,667.77
2024-12-01,PROD0027,192,STORE0006,5,164.99,33.04,791.91
2023-01-01,PROD0036,186,STORE0005,3,207.45,20.78,601.57
2023-02-01,PROD0050,240,STORE0005,7,175.16,19.28,1206.84
2023-03-01,PROD0043,203,STORE0002,7,293.77,48.58,2007.81
2023-04-01,PROD0015,57,STORE0002,1,37.69,47.73,-10.04
2023-05-01,PROD0007,12,STORE0010,4,199.23,40.78,756.14
2023-06-01,PROD0012,24,STORE0009,4,85.1,37.49,302.91
2023-07-01,PROD0024,298,STORE0007,1,78.98,8.65,70.33
2023-08-01,PROD0001,278,STORE0005,1,479.1,39.49,439.61
2023-09-01,PROD0027,5,STORE0004,9,418.19,31.11,3732.6
2023-10-01,PROD0018,103,STORE0001,1,132.01,44.34,87.67
2023-11-01,PROD0007,164,STORE0002,9,21.68,7.15,187.97
2023-12-01,PROD0044,265,STORE0010,1,41.74,49.01,-7.27
2024-01-01,PROD0039,117,STORE0009,5,246.19,49.98,1180.97
2024-02-01,PROD0008,63,STORE0006,9,353.77,17.99,3165.94
2024-03-01,PROD0023,106,STORE0006,7,319.03,36.59,2196.62
2024-04-01,PROD0040,264,STORE0002,9,403.89,32.46,3602.55
2024-05-01,PROD0014,186,STORE0002,3,90.85,37.13,235.42
2024-06-01,PROD0033,105,STORE0008,9,363.72,31.5,3241.98
2024-07-01,PROD0047,85,STORE0004,6,23.27,8.31,131.31
2024-08-01,PROD0031,86,STORE0008,7,345.33,25.84,2391.47
2024-09-01,PROD0033,195,STORE0010,1,169.22,0.31,168.91
2024-10-01,PROD0026,257,STORE0009,3,322.85,20.8,947.75
2024-11-01,PROD0014,214,STORE0007,8,135.56,31.92,1052.56
2024-12-01,PROD0045,286,STORE0003,6,353.8,16.22,2106.58
2023-01-01,PROD0010,49,STORE0009,5,241.75,37.79,1170.96
2023-02-01,PROD0027,30,STORE0005,6,384.25,19.17,2286.33
2023-03-01,PROD0014,190,STORE0004,3,203.62,37.16,573.7
2023-04-01,PROD0024,199,STORE0006,5,339.3,14.33,1682.17
2023-05-01,PROD0049,20,STORE0005,4,264.85,1.66,1057.74
2023-06-01,PROD0009,111,STORE0002,6,88.29,1.15,528.59
2023-07-01,PROD0030,276,STORE0007,6,473.85,4.71,2838.39
2023-08-01,PROD0011,243,STORE0002,7,445.71,17.96,3102.01
2023-09-01,PROD0033,130,STORE0010,7,204.92,16.57,1417.87
2023-10-01,PROD0039,55,STORE0004,7,43.94,19.51,288.07
2023-11-01,PROD0044,25,STORE0006,9,423.23,2.05,3807.02
2023-12-01,PROD0021,121,STORE0003,2,498.98,22.91,975.05
2024-01-01,PROD0001,137,STORE0006,8,202.53,41.14,1579.1
2024-02-01,PROD0048,47,STORE0007,3,280.38,28.9,812.24
2024-03-01,PROD0021,25,STORE0010,5,310.68,9.36,1544.04
2024-04-01,PROD0006,15,STORE0009,2,195.19,30.81,359.57
2024-05-01,PROD0048,135,STORE0001,1,412.64,39.35,373.29
2024-06-01,PROD0049,282,STORE0010,2,225.33,18.59,432.07
2024-07-01,PROD0037,85,STORE0001,2,73.09,31.48,114.7
2024-08-01,PROD0013,176,STORE0008,2,456.3,28.95,883.65
2024-09-01,PROD0027,238,STORE0009,1,342.46,41.43,301.03
2024-10-01,PROD0013,34,STORE0001,3,400.0,45.79,1154.21
2024-11-01,PROD0048,40,STORE0010,7,215.86,5.83,1505.19
2024-12-01,PROD0015,105,STORE0002,9,301.02,37.35,2671.83
2023-01-01,PROD0050,163,STORE0010,2,342.0,22.58,661.42
2023-02-01,PROD0047,270,STORE0009,5,412.57,37.68,2025.17
2023-03-01,PROD0003,95,STORE0003,4,26.19,27.88,76.88
2023-04-01,PROD0018,122,STORE0002,5,420.99,37.87,2067.08
2023-05-01,PROD0023,50,STORE0007,3,452.66,30.33,1327.65
2023-06-01,PROD0017,156,STORE0007,8,452.08,27.75,3588.89
2023-07-01,PROD0027,101,STORE0005,4,348.63,1.41,1393.11
2023-08-01,PROD0015,78,STORE0008,1,28.94,14.52,14.42
2023-09-01,PROD0013,281,STORE0009,5,298.73,44.45,1449.2
2023-10-01,PROD0013,18,STORE0006,1,313.22,0.97,312.25
2023-11-01,PROD0003,277,STORE0007,8,300.69,14.82,2390.7
2023-12-01,PROD0026,127,STORE0006,6,311.31,17.98,1849.88
2024-01-01,PROD0025,262,STORE0002,6,164.12,15.33,969.39
2024-02-01,PROD0002,92,STORE0008,5,96.77,6.42,477.43
2024-03-01,PROD0046,134,STORE0008,5,468.69,44.62,2298.83
2024-04-01,PROD0007,94,STORE0006,6,375.77,36.41,2218.21
2024-05-01,PROD0009,10,STORE0008,6,446.48,17.94,2660.94
2024-06-01,PROD0031,97,STORE0009,1,308.1,13.9,294.2
2024-07-01,PROD0035,275,STORE0006,1,463.24,33.45,429.79
2024-08-01,PROD0020,246,STORE0001,9,261.79,3.81,2352.3
2024-09-01,PROD0043,199,STORE0003,7,122.23,32.78,822.83
2024-10-01,PROD0028,18,STORE0008,7,288.72,41.23,1979.81
2024-11-01,PROD0021,8,STORE0005,9,421.4,44.27,3748.33
2024-12-01,PROD0034,272,STORE0004,5,48.08,12.39,228.01
2023-01-01,PROD0010,68,STORE0008,8,451.11,14.49,3594.39
2023-02-01,PROD0025,50,STORE0004,8,479.3,17.32,3817.08
2023-03-01,PROD0015,286,STORE0005,3,44.46,4.71,128.67
2023-04-01,PROD0009,55,STORE0006,6,324.68,49.2,1898.88
2023-05-01,PROD0022,71,STORE0007,2,402.48,12.08,792.88
2023-06-01,PROD0033,10,STORE0009,6,338.91,20.24,2013.22
2023-07-01,PROD0024,180,STORE0010,2,391.24,47.93,734.55
2023-08-01,PROD0030,199,STORE0003,8,137.2,27.86,1069.74
2023-09-01,PROD0009,245,STORE0007,1,42.38,5.67,36.71
2023-10-01,PROD0009,131,STORE0005,4,102.05,14.11,394.09
2023-11-01,PROD0031,298,STORE0002,2,124.44,37.49,211.39
2023-12-01,PROD0033,237,STORE0004,2,121.38,46.92,195.84
2024-01-01,PROD0018,75,STORE0003,8,328.96,10.48,2621.2
2024-02-01,PROD0020,185,STORE0001,7,484.97,23.19,3371.6
2024-03-01,PROD0029,126,STORE0002,5,118.55,18.95,573.8
2024-04-01,PROD0049,12,STORE0008,2,334.53,34.08,634.98
2024-05-01,PROD0031,243,STORE0010,3,478.81,33.13,1403.3
2024-06-01,PROD0025,86,STORE0004,3,343.83,47.01,984.48
2024-07-01,PROD0032,137,STORE0002,6,367.99,15.46,2192.48
2024-08-01,PROD0036,298,STORE0006,2,171.73,16.01,327.45
2024-09-01,PROD0026,215,STORE0010,3,299.26,48.03,849.75
2024-10-01,PROD0042,283,STORE0002,6,465.81,43.49,2751.37
2024-11-01,PROD0022,175,STORE0004,6,76.15,41.24,415.66
2024-12-01,PROD0046,74,STORE0006,4,250.22,49.65,951.23
2023-01-01,PROD0050,123,STORE0005,6,181.13,45.86,1040.92
2023-02-01,PROD0027,265,STORE0007,1,166.66,30.28,136.38
2023-03-01,PROD0038,53,STORE0008,1,161.6,28.26,133.34
2023-04-01,PROD0025,189,STORE0003,7,491.62,16.33,3425.01
2023-05-01,PROD0017,281,STORE0010,1,434.96,6.41,428.55
2023-06-01,PROD0031,154,STORE0003,4,351.7,27.17,1379.63
2023-07-01,PROD0002,104,STORE0008,3,147.85,34.9,408.65
2023-08-01,PROD0014,168,STORE0006,4,293.79,31.92,1143.24
2023-09-01,PROD0037,240,STORE0009,8,185.32,21.72,1460.84
2023-10-01,PROD0011,107,STORE0010,3,75.42,37.0,189.26
2023-11-01,PROD0044,48,STORE0001,3,136.1,31.78,376.52
2023-12-01,PROD0027,168,STORE0003,5,441.86,11.54,2197.76
2024-01-01,PROD0045,210,STORE0005,3,108.15,39.09,285.36
2024-02-01,PROD0025,93,STORE0004,1,20.77,37.29,-16.52
2024-03-01,PROD0048,61,STORE0004,1,168.2,28.3,139.9
2024-04-01,PROD0041,183,STORE0002,9,203.95,41.92,1793.63
2024-05-01,PROD0044,219,STORE0010,2,402.9,15.82,789.98
2024-06-01,PROD0005,87,STORE0008,7,158.45,43.99,1065.16
2024-07-01,PROD0045,183,STORE0004,4,30.81,0.57,122.67
2024-08-01,PROD0034,279,STORE0009,2,300.94,12.48,589.4
2024-09-01,PROD0046,48,STORE0003,1,123.06,29.89,93.17
2024-10-01,PROD0046,279,STORE0003,5,327.51,1.58,1635.97
2024-11-01,PROD0007,284,STORE0005,6,82.31,49.34,444.52
2024-12-01,PROD0017,30,STORE0002,4,286.53,36.36,1109.76
2023-01-01,PROD0028,235,STORE0008,3,428.05,45.33,1238.82
2023-02-01,PROD0011,104,STORE0002,9,102.37,3.39,917.94
2023-03-01,PROD0033,105,STORE0008,2,77.73,26.65,128.81
2023-04-01,PROD0019,18,STORE0002,1,97.85,7.41,90.44
2023-05-01,PROD0010,72,STORE0003,3,295.87,19.31,868.3
2023-06-01,PROD0030,277,STORE0010,5,172.76,33.58,830.22
2023-07-01,PROD0007,191,STORE0001,4,227.85,36.84,874.56
2023-08-01,PROD0001,195,STORE0002,2,398.34,0.29,796.39
2023-09-01,PROD0033,128,STORE0001,1,335.61,45.37,290.24
2023-10-01,PROD0006,268,STORE0001,5,75.92,0.23,379.37
2023-11-01,PROD0024,202,STORE0002,4,127.26,34.06,474.98
2023-12-01,PROD0008,255,STORE0007,8,466.42,48.84,3682.52
2024-01-01,PROD0007,99,STORE0005,2,91.56,23.09,160.03
2024-02-01,PROD0035,172,STORE0009,4,324.77,8.08,1291.0
2024-03-01,PROD0031,115,STORE0010,2,130.93,28.14,233.72
2024-04-01,PROD0048,114,STORE0009,4,81.54,30.8,295.36
2024-05-01,PROD0025,187,STORE0010,9,51.03,33.27,426.0
2024-06-01,PROD0027,89,STORE0003,7,52.93,4.12,366.39
2024-07-01,PROD0024,31,STORE0009,5,27.28,39.14,97.26
2024-08-01,PROD0024,24,STORE0003,5,99.47,0.06,497.29
2024-09-01,PROD0023,76,STORE0002,6,388.53,25.78,2305.4
2024-10-01,PROD0017,30,STORE0002,1,385.98,13.76,372.22
2024-11-01,PROD0044,39,STORE0001,8,446.67,21.96,3551.4
2024-12-01,PROD0039,56,STORE0004,9,218.25,42.88,1921.37
2023-01-01,PROD0012,77,STORE0008,4,93.27,49.22,323.86
2023-02-01,PROD0013,299,STORE0010,2,441.47,20.17,862.77
2023-03-01,PROD0005,202,STORE0009,2,98.64,25.36,171.92
2023-04-01,PROD0025,203,STORE0001,5,412.45,22.74,2039.51
2023-05-01,PROD0022,114,STORE0003,5,202.75,0.5,1013.25
2023-06-01,PROD0033,180,STORE0008,6,255.82,14.57,1520.35
2023-07-01,PROD0030,84,STORE0002,6,154.47,31.63,895.19
2023-08-01,PROD0020,36,STORE0003,5,381.84,12.26,1896.94
2023-09-01,PROD0026,15,STORE0007,1,439.6,8.77,430.83
2023-10-01,PROD0005,241,STORE0001,2,23.92,44.01,3.83
2023-11-01,PROD0012,120,STORE0008,3,254.16,12.05,750.43
2023-12-01,PROD0023,48,STORE0005,3,396.13,38.64,1149.75
2024-01-01,PROD0026,183,STORE0003,6,481.42,23.31,2865.21
2024-02-01,PROD0045,134,STORE0010,1,70.5,26.22,44.28
2024-03-01,PROD0030,199,STORE0009,7,177.44,13.42,1228.66
2024-04-01,PROD0012,61,STORE0001,2,114.3,49.78,178.82
2024-05-01,PROD0032,84,STORE0005,9,274.69,45.01,2427.2
2024-06-01,PROD0006,279,STORE0002,4,122.97,41.92,449.96
2024-07-01,PROD0048,149,STORE0002,7,463.43,7.71,3236.3
2024-08-01,PROD0019,46,STORE0004,5,360.93,20.57,1784.08
2024-09-01,PROD0026,187,STORE0009,2,196.81,36.52,357.1
2024-10-01,PROD0022,81,STORE0003,3,72.87,8.28,210.33
2024-11-01,PROD0041,68,STORE0003,5,339.61,23.93,1674.12
2024-12-01,PROD0045,300,STORE0005,6,66.61,19.69,379.97
2023-01-01,PROD0048,135,STORE0004,5,274.48,40.86,1331.54
2023-02-01,PROD0026,56,STORE0002,1,25.48,18.96,6.52
2023-03-01,PROD0036,251,STORE0002,3,161.24,32.66,451.06
2023-04-01,PROD0026,72,STORE0005,2,185.94,30.3,341.58
2023-05-01,PROD0010,129,STORE0006,9,331.21,5.09,2975.8
2023-06-01,PROD0019,39,STORE0010,7,459.28,6.65,3208.31
2023-07-01,PROD0047,236,STORE0006,8,150.66,41.38,1163.9
2023-08-01,PROD0036,108,STORE0009,9,452.22,43.97,4026.01
2023-09-01,PROD0023,16,STORE0008,7,123.91,3.17,864.2
2023-10-01,PROD0020,128,STORE0006,6,408.11,43.84,2404.82
2023-11-01,PROD0002,218,STORE0008,3,383.42,28.3,1121.96
2023-12-01,PROD0013,266,STORE0006,6,410.34,14.14,2447.9
2024-01-01,PROD0001,250,STORE0006,9,174.64,44.92,1526.84
2024-02-01,PROD0031,172,STORE0001,2,138.6,15.25,261.95
2024-03-01,PROD0001,13,STORE0009,6,318.05,16.47,1891.83
2024-04-01,PROD0027,169,STORE0005,2,369.35,43.77,694.93
2024-05-01,PROD0035,160,STORE0010,7,91.69,34.03,607.8
2024-06-01,PROD0024,230,STORE0004,9,398.99,14.08,3576.83
2024-07-01,PROD0017,218,STORE0002,4,385.06,32.66,1507.58
2024-08-01,PROD0007,50,STORE0009,5,70.12,7.26,343.34
2024-09-01,PROD0011,199,STORE0007,9,467.15,42.0,4162.35
2024-10-01,PROD0039,90,STORE0006,9,124.86,7.39,1116.35
2024-11-01,PROD0005,68,STORE0004,8,35.41,8.33,274.95
2024-12-01,PROD0006,227,STORE0006,8,300.08,2.15,2398.49
2023-01-01,PROD0038,233,STORE0003,3,185.82,34.1,523.36
2023-02-01,PROD0006,46,STORE0004,9,321.38,5.43,2886.99
2023-03-01,PROD0029,78,STORE0001,7,183.62,49.99,1235.35
2023-04-01,PROD0044,142,STORE0009,2,452.73,31.19,874.27
2023-05-01,PROD0002,9,STORE0002,4,349.52,44.87,1353.21
2023-06-01,PROD0017,34,STORE0004,7,356.57,1.58,2494.41
2023-07-01,PROD0028,201,STORE0002,6,452.25,34.77,2678.73
2023-08-01,PROD0049,194,STORE0010,8,492.64,30.51,3910.61
2023-09-01,PROD0010,113,STORE0003,8,316.99,25.48,2510.44
2023-10-01,PROD0008,244,STORE0001,7,54.3,24.48,355.62
2023-11-01,PROD0038,211,STORE0001,3,217.08,17.53,633.71
2023-12-01,PROD0049,172,STORE0002,6,113.7,41.77,640.43
2024-01-01,PROD0036,277,STORE0007,3,498.27,13.75,1481.06
2024-02-01,PROD0007,3,STORE0001,9,241.98,0.22,2177.6
2024-03-01,PROD0045,151,STORE0004,4,213.38,42.15,811.37
2024-04-01,PROD0019,220,STORE0001,2,392.02,42.99,741.05
2024-05-01,PROD0018,214,STORE0004,2,195.19,9.84,380.54
2024-06-01,PROD0014,254,STORE0008,9,250.79,3.07,2254.04
2024-07-01,PROD0019,175,STORE0001,1,41.75,7.67,34.08
2024-08-01,PROD0019,165,STORE0002,4,460.52,34.1,1807.98
2024-09-01,PROD0029,61,STORE0009,4,289.87,32.03,1127.45
2024-10-01,PROD0033,162,STORE0010,5,26.22,24.35,106.75
2024-11-01,PROD0026,209,STORE0003,6,141.93,22.64,828.94
2024-12-01,PROD0032,247,STORE0008,9,176.77,47.16,1543.77
2023-01-01,PROD0030,30,STORE0009,3,339.77,24.52,994.79
2023-02-01,PROD0002,18,STORE0001,7,476.47,8.18,3327.11
2023-03-01,PROD0048,251,STORE0004,6,51.8,11.99,298.81
2023-04-01,PROD0003,105,STORE0007,3,130.64,43.24,348.68
2023-05-01,PROD0014,197,STORE0006,4,436.7,29.98,1716.82
2023-06-01,PROD0010,18,STORE0007,2,372.4,40.13,704.67
2023-07-01,PROD0037,59,STORE0008,1,162.17,4.37,157.8
2023-08-01,PROD0015,232,STORE0008,1,442.04,24.23,417.81
2023-09-01,PROD0020,247,STORE0007,9,150.41,27.86,1325.83
2023-10-01,PROD0001,26,STORE0008,8,77.92,19.66,603.7
2023-11-01,PROD0028,154,STORE0009,7,80.34,29.3,533.08
2023-12-01,PROD0006,281,STORE0008,1,220.63,36.49,184.14
2024-01-01,PROD0011,128,STORE0009,7,227.87,31.52,1563.57
2024-02-01,PROD0036,69,STORE0009,6,499.77,40.17,2958.45
2024-03-01,PROD0038,273,STORE0003,4,247.59,5.43,984.93
2024-04-01,PROD0042,190,STORE0007,7,320.23,34.31,2207.3
2024-05-01,PROD0037,190,STORE0008,3,343.21,23.33,1006.3
2024-06-01,PROD0034,263,STORE0010,4,185.38,8.7,732.82
2024-07-01,PROD0026,80,STORE0002,1,299.38,0.72,298.66
2024-08-01,PROD0011,23,STORE0003,2,92.14,34.18,150.1
2024-09-01,PROD0005,133,STORE0009,1,243.25,3.51,239.74
2024-10-01,PROD0044,180,STORE0009,2,141.42,32.9,249.94
2024-11-01,PROD0001,228,STORE0007,1,240.25,15.6,224.65
2024-12-01,PROD0039,297,STORE0006,8,493.76,48.79,3901.29
2023-01-01,PROD0017,65,STORE0006,6,185.53,48.44,1064.74
2023-02-01,PROD0011,58,STORE0004,9,20.93,33.38,154.99
2023-03-01,PROD0011,212,STORE0009,4,89.42,19.43,338.25
2023-04-01,PROD0020,224,STORE0010,6,357.19,24.44,2118.7
2023-05-01,PROD0027,228,STORE0009,3,83.19,25.16,224.41
2023-06-01,PROD0018,212,STORE0003,6,251.73,38.25,1472.13
2023-07-01,PROD0045,107,STORE0004,5,447.88,22.88,2216.52
2023-08-01,PROD0046,79,STORE0003,7,67.77,18.85,455.54
2023-09-01,PROD0019,122,STORE0005,2,228.31,21.72,434.9
2023-10-01,PROD0049,138,STORE0009,3,370.33,40.82,1070.17
2023-11-01,PROD0037,16,STORE0001,3,136.01,11.63,396.4
2023-12-01,PROD0030,28,STORE0005,8,259.17,40.56,2032.8
2024-01-01,PROD0028,99,STORE0009,4,337.3,40.18,1309.02
2024-02-01,PROD0039,28,STORE0009,3,274.29,38.8,784.07
2024-03-01,PROD0013,233,STORE0006,5,278.06,49.63,1340.67
2024-04-01,PROD0027,42,STORE0003,7,97.71,46.25,637.72
2024-05-01,PROD0015,115,STORE0010,5,47.08,11.64,223.76
2024-06-01,PROD0040,39,STORE0003,4,102.03,18.61,389.51
2024-07-01,PROD0039,185,STORE0007,4,212.3,47.4,801.8
2024-08-01,PROD0039,140,STORE0002,9,252.52,26.15,2246.53
2024-09-01,PROD0037,208,STORE0005,4,306.86,40.96,1186.48
2024-10-01,PROD0042,136,STORE0009,2,216.97,27.08,406.86
2024-11-01,PROD0005,201,STORE0005,7,377.56,43.74,2599.18
2024-12-01,PROD0017,223,STORE0001,5,216.13,40.21,1040.44
2023-01-01,PROD0023,249,STORE0008,9,115.86,26.21,1016.53
2023-02-01,PROD0006,108,STORE0010,4,459.11,42.31,1794.13
2023-03-01,PROD0006,273,STORE0010,8,149.21,30.82,1162.86
2023-04-01,PROD0001,112,STORE0008,7,42.1,13.27,281.43
2023-05-01,PROD0010,129,STORE0001,1,455.3,0.69,454.61
2023-06-01,PROD0019,236,STORE0006,3,395.33,44.57,1141.42
2023-07-01,PROD0031,185,STORE0003,6,132.46,37.47,757.29
2023-08-01,PROD0022,274,STORE0005,1,182.51,42.17,140.34
2023-09-01,PROD0015,185,STORE0006,9,199.03,0.68,1790.59
2023-10-01,PROD0019,278,STORE0002,1,210.19,36.99,173.2
2023-11-01,PROD0037,18,STORE0010,8,277.35,38.56,2180.24
2023-12-01,PROD0048,127,STORE0009,7,266.59,18.48,1847.65
2024-01-01,PROD0022,293,STORE0010,1,337.43,6.3,331.13
2024-02-01,PROD0035,269,STORE0002,5,50.13,33.21,217.44
2024-03-01,PROD0032,203,STORE0004,8,81.7,48.23,605.37
2024-04-01,PROD0016,241,STORE0008,9,460.36,7.62,4135.62
2024-05-01,PROD0043,185,STORE0008,8,497.23,18.76,3959.08
2024-06-01,PROD0047,189,STORE0008,5,30.23,23.62,127.53
2024-07-01,PROD0031,1,STORE0003,8,64.93,11.53,507.91
2024-08-01,PROD0033,240,STORE0006,4,358.54,30.63,1403.53
2024-09-01,PROD0014,204,STORE0008,1,96.1,13.9,82.2
2024-10-01,PROD0049,165,STORE0009,7,54.18,49.69,329.57
2024-11-01,PROD0044,274,STORE0001,5,75.93,8.85,370.8
2024-12-01,PROD0048,8,STORE0008,3,401.94,27.89,1177.93
2023-01-01,PROD0028,28,STORE0002,3,372.18,9.6,1106.94
2023-02-01,PROD0002,229,STORE0008,4,189.93,16.09,743.63
2023-03-01,PROD0009,249,STORE0008,5,182.94,41.21,873.49
2023-04-01,PROD0022,196,STORE0006,2,186.09,22.38,349.8
2023-05-01,PROD0048,21,STORE0005,4,399.28,45.21,1551.91
2023-06-01,PROD0031,291,STORE0004,3,53.81,19.58,141.85
2023-07-01,PROD0040,29,STORE0006,5,387.39,33.62,1903.33
2023-08-01,PROD0010,287,STORE0010,4,263.3,2.44,1050.76
2023-09-01,PROD0048,111,STORE0010,7,128.16,21.3,875.82
2023-10-01,PROD0007,17,STORE0008,7,80.48,16.29,547.07
2023-11-01,PROD0049,257,STORE0002,2,59.07,5.68,112.46
2023-12-01,PROD0004,240,STORE0005,1,408.9,2.86,406.04
2024-01-01,PROD0007,295,STORE0010,8,25.95,9.15,198.45
2024-02-01,PROD0005,194,STORE0003,3,144.37,8.25,424.86
2024-03-01,PROD0047,4,STORE0002,8,69.72,3.6,554.16
2024-04-01,PROD0036,78,STORE0004,5,103.01,47.15,467.9
2024-05-01,PROD0013,74,STORE0007,9,305.25,47.59,2699.66
2024-06-01,PROD0039,144,STORE0010,1,430.45,10.79,419.66
2024-07-01,PROD0050,262,STORE0010,2,447.23,16.17,878.29
2024-08-01,PROD0028,238,STORE0007,6,320.42,39.5,1883.02
2024-09-01,PROD0031,281,STORE0001,5,243.99,48.95,1171.0
2024-10-01,PROD0003,241,STORE0003,3,393.67,15.27,1165.74
2024-11-01,PROD0018,199,STORE0005,6,141.54,18.33,830.91
2024-12-01,PROD0019,183,STORE0007,6,114.78,20.34,668.34
2023-01-01,PROD0025,270,STORE0009,6,155.81,3.13,931.73
2023-02-01,PROD0008,15,STORE0003,6,181.39,10.32,1078.02
2023-03-01,PROD0048,10,STORE0004,4,196.0,48.27,735.73
2023-04-01,PROD0001,169,STORE0006,1,208.26,11.79,196.47
2023-05-01,PROD0033,7,STORE0001,9,178.09,49.96,1552.85
2023-06-01,PROD0048,51,STORE0004,9,237.52,38.49,2099.19
2023-07-01,PROD0028,175,STORE0002,3,405.34,38.57,1177.45
2023-08-01,PROD0021,32,STORE0003,2,332.12,5.47,658.77
2023-09-01,PROD0006,83,STORE0001,9,243.66,5.3,2187.64
2023-10-01,PROD0040,175,STORE0001,4,475.03,2.24,1897.88
2023-11-01,PROD0020,87,STORE0003,8,24.49,41.53,154.39
2023-12-01,PROD0003,236,STORE0001,1,170.55,26.96,143.59
2024-01-01,PROD0005,59,STORE0006,7,498.52,35.02,3454.62
2024-02-01,PROD0008,205,STORE0007,5,97.64,31.63,456.57
2024-03-01,PROD0012,172,STORE0010,5,424.7,9.97,2113.53
2024-04-01,PROD0015,143,STORE0003,7,446.04,19.27,3103.01
2024-05-01,PROD0050,274,STORE0001,1,72.7,43.69,29.01
2024-06-01,PROD0034,195,STORE0006,1,111.8,2.01,109.79
2024-07-01,PROD0050,234,STORE0004,4,464.59,46.49,1811.87
2024-08-01,PROD0049,41,STORE0001,3,248.1,3.82,740.48
2024-09-01,PROD0050,186,STORE0006,7,65.7,18.41,441.49
2024-10-01,PROD0035,1,STORE0006,8,469.79,38.05,3720.27
2024-11-01,PROD0037,34,STORE0002,6,368.42,12.73,2197.79
2024-12-01,PROD0049,52,STORE0002,1,331.32,12.07,319.25
2023-01-01,PROD0029,268,STORE0006,1,319.99,10.46,309.53
2023-02-01,PROD0025,173,STORE0002,5,76.97,39.55,345.3
2023-03-01,PROD0050,149,STORE0005,4,199.42,22.96,774.72
2023-04-01,PROD0002,193,STORE0009,4,429.73,35.7,1683.22
2023-05-01,PROD0049,207,STORE0009,9,158.32,18.25,1406.63
2023-06-01,PROD0033,15,STORE0010,2,37.14,40.47,33.81
2023-07-01,PROD0021,118,STORE0006,8,185.99,30.73,1457.19
2023-08-01,PROD0038,136,STORE0007,9,182.79,23.49,1621.62
2023-09-01,PROD0025,250,STORE0009,2,62.62,40.08,85.16
2023-10-01,PROD0003,185,STORE0003,9,258.9,29.63,2300.47
2023-11-01,PROD0002,38,STORE0010,1,86.73,22.92,63.81
2023-12-01,PROD0001,60,STORE0003,6,388.05,29.66,2298.64
2024-01-01,PROD0038,281,STORE0008,9,186.88,28.99,1652.93
2024-02-01,PROD0044,171,STORE0005,9,253.41,28.89,2251.8
2024-03-01,PROD0022,25,STORE0001,4,400.33,23.4,1577.92
2024-04-01,PROD0015,241,STORE0008,5,482.7,20.27,2393.23
2024-05-01,PROD0038,47,STORE0006,6,362.03,3.11,2169.07
2024-06-01,PROD0018,21,STORE0001,7,423.86,0.97,2966.05
2024-07-01,PROD0050,89,STORE0010,3,393.88,9.26,1172.38
2024-08-01,PROD0002,4,STORE0009,8,289.95,42.48,2277.12
2024-09-01,PROD0012,269,STORE0002,5,255.34,47.59,1229.11
2024-10-01,PROD0013,282,STORE0010,3,185.24,10.31,545.41
2024-11-01,PROD0001,285,STORE0008,8,133.42,12.36,1055.0
2024-12-01,PROD0025,117,STORE0002,2,240.51,15.7,465.32
2023-01-01,PROD0041,159,STORE0009,3,76.32,7.84,221.12
2023-02-01,PROD0036,62,STORE0008,5,265.16,30.74,1295.06
2023-03-01,PROD0019,229,STORE0008,1,63.71,38.92,24.79
2023-04-01,PROD0016,296,STORE0009,4,344.26,6.72,1370.32
2023-05-01,PROD0034,246,STORE0005,3,161.34,5.55,478.47
2023-06-01,PROD0040,232,STORE0009,2,74.88,32.47,117.29
2023-07-01,PROD0037,171,STORE0005,1,334.3,45.39,288.91
2023-08-01,PROD0014,199,STORE0004,4,55.49,39.75,182.21
2023-09-01,PROD0024,100,STORE0010,4,277.61,13.48,1096.96
2023-10-01,PROD0027,124,STORE0010,5,334.44,31.64,1640.56
2023-11-01,PROD0001,26,STORE0005,1,478.43,32.58,445.85
2023-12-01,PROD0050,12,STORE0002,4,421.77,3.0,1684.08
2024-01-01,PROD0038,276,STORE0007,8,177.82,28.14,1394.42
2024-02-01,PROD0003,30,STORE0009,3,257.39,34.48,737.69
2024-03-01,PROD0044,274,STORE0005,4,326.82,14.2,1293.08
2024-04-01,PROD0037,87,STORE0002,6,261.56,41.4,1527.96
2024-05-01,PROD0044,14,STORE0010,3,403.05,26.24,1182.91
2024-06-01,PROD0003,93,STORE0002,7,436.95,4.27,3054.38
2024-07-01,PROD0012,143,STORE0010,3,179.46,40.21,498.17
2024-08-01,PROD0022,161,STORE0005,4,234.61,44.98,893.46
2024-09-01,PROD0025,96,STORE0005,1,254.76,47.18,207.58
2024-10-01,PROD0002,241,STORE0002,1,52.82,28.56,24.26
2024-11-01,PROD0042,189,STORE0010,7,435.1,42.89,3002.81
2024-12-01,PROD0025,77,STORE0001,6,320.95,33.73,1891.97
2023-01-01,PROD0007,16,STORE0001,3,474.39,3.87,1419.3
2023-02-01,PROD0003,202,STORE0003,2,334.46,21.95,646.97
2023-03-01,PROD0030,180,STORE0002,4,171.19,29.71,655.05
2023-04-01,PROD0042,49,STORE0010,7,341.68,29.33,2362.43
2023-05-01,PROD0006,52,STORE0009,5,50.17,48.96,201.89
2023-06-01,PROD0020,248,STORE0009,8,124.67,34.12,963.24
2023-07-01,PROD0015,246,STORE0001,2,114.01,30.5,197.52
2023-08-01,PROD0031,19,STORE0005,9,372.39,22.19,3329.32
2023-09-01,PROD0031,56,STORE0009,2,416.06,13.92,818.2
2023-10-01,PROD0005,271,STORE0006,5,243.34,27.77,1188.93
2023-11-01,PROD0021,228,STORE0003,7,69.92,44.26,445.18
2023-12-01,PROD0040,254,STORE0003,3,450.87,19.89,1332.72
2024-01-01,PROD0030,245,STORE0006,4,432.36,36.54,1692.9
2024-02-01,PROD0015,87,STORE0010,5,219.72,31.49,1067.11
2024-03-01,PROD0047,203,STORE0003,4,83.76,29.56,305.48
2024-04-01,PROD0039,3,STORE0005,3,150.98,28.75,424.19
2024-05-01,PROD0022,25,STORE0003,1,426.67,29.4,397.27
2024-06-01,PROD0038,247,STORE0008,4,216.04,32.68,831.48
2024-07-01,PROD0028,95,STORE0010,1,89.32,25.69,63.63
2024-08-01,PROD0013,297,STORE0002,9,94.42,45.56,804.22
2024-09-01,PROD0044,285,STORE0010,3,302.1,9.36,896.94
2024-10-01,PROD0003,29,STORE0006,7,148.37,43.39,995.2
2024-11-01,PROD0004,248,STORE0004,3,341.84,36.72,988.8
2024-12-01,PROD0041,135,STORE0007,5,185.94,36.22,893.48
2023-01-01,PROD0014,33,STORE0004,7,54.71,13.3,369.67
2023-02-01,PROD0048,44,STORE0008,7,324.24,38.63,2231.05
2023-03-01,PROD0047,17,STORE0006,7,461.12,8.63,3219.21
2023-04-01,PROD0017,185,STORE0006,3,356.6,36.99,1032.81
2023-05-01,PROD0036,201,STORE0007,3,144.41,6.96,426.27
2023-06-01,PROD0021,299,STORE0001,7,57.45,33.77,368.38
2023-07-01,PROD0005,277,STORE0008,3,249.61,13.07,735.76
2023-08-01,PROD0011,13,STORE0007,7,475.29,3.2,3323.83
2023-09-01,PROD0018,194,STORE0004,1,447.01,31.36,415.65
2023-10-01,PROD0011,12,STORE0010,5,455.95,29.7,2250.05
2023-11-01,PROD0029,36,STORE0002,6,236.81,31.67,1389.19
2023-12-01,PROD0027,255,STORE0010,1,61.29,29.66,31.63
2024-01-01,PROD0022,105,STORE0002,8,303.46,45.01,2382.67
2024-02-01,PROD0033,184,STORE0006,7,284.65,7.58,1984.97
2024-03-01,PROD0004,180,STORE0005,7,452.83,35.53,3134.28
2024-04-01,PROD0032,207,STORE0002,6,59.13,1.29,353.49
2024-05-01,PROD0042,210,STORE0008,4,357.45,12.09,1417.71
2024-06-01,PROD0047,180,STORE0003,2,350.23,0.08,700.38
2024-07-01,PROD0045,20,STORE0008,1,424.28,40.76,383.52
2024-08-01,PROD0026,186,STORE0003,7,181.18,19.94,1248.32
2024-09-01,PROD0037,73,STORE0002,3,407.37,21.31,1200.8
2024-10-01,PROD0041,14,STORE0008,9,350.33,18.92,3134.05
2024-11-01,PROD0041,11,STORE0004,9,191.69,20.74,1704.47
2024-12-01,PROD0035,259,STORE0008,5,384.52,43.06,1879.54
2023-01-01,PROD0015,270,STORE0007,2,23.55,33.64,13.46
2023-02-01,PROD0031,49,STORE0005,7,152.37,4.9,1061.69
2023-03-01,PROD0026,62,STORE0005,7,362.16,32.73,2502.39
2023-04-01,PROD0010,263,STORE0010,2,210.59,31.53,389.65
2023-05-01,PROD0003,90,STORE0010,8,128.46,29.67,998.01
2023-06-01,PROD0012,187,STORE0002,2,290.58,45.0,536.16
2023-07-01,PROD0041,166,STORE0008,1,53.08,38.5,14.58
2023-08-01,PROD0030,289,STORE0007,4,293.12,36.86,1135.62
2023-09-01,PROD0013,70,STORE0002,3,319.24,19.33,938.39
2023-10-01,PROD0023,28,STORE0006,2,106.83,9.14,204.52
2023-11-01,PROD0001,288,STORE0010,3,339.91,33.53,986.2
2023-12-01,PROD0014,224,STORE0006,2,407.08,3.55,810.61
2024-01-01,PROD0009,79,STORE0005,3,170.37,49.49,461.62
2024-02-01,PROD0003,13,STORE0001,4,226.18,29.69,875.03
2024-03-01,PROD0047,197,STORE0005,8,176.59,44.35,1368.37
2024-04-01,PROD0037,220,STORE0007,5,292.36,3.27,1458.53
2024-05-01,PROD0050,5,STORE0003,4,141.4,8.59,557.01
2024-06-01,PROD0023,3,STORE0005,9,90.37,45.45,767.88
2024-07-01,PROD0018,83,STORE0006,4,265.53,2.22,1059.9
2024-08-01,PROD0046,215,STORE0007,2,159.77,15.28,304.26
2024-09-01,PROD0021,284,STORE0002,8,114.56,6.21,910.27
2024-10-01,PROD0045,91,STORE0009,1,89.98,38.14,51.84
2024-11-01,PROD0016,249,STORE0006,8,187.75,22.59,1479.41
2024-12-01,PROD0003,54,STORE0005,8,192.75,19.53,1522.47
2023-01-01,PROD0024,107,STORE0006,2,468.41,47.3,889.52
2023-02-01,PROD0005,128,STORE0007,2,127.55,22.89,232.21
2023-03-01,PROD0036,72,STORE0002,2,176.01,10.2,341.82
2023-04-01,PROD0050,152,STORE0009,3,301.3,20.72,883.18
2023-05-01,PROD0016,297,STORE0002,2,348.21,35.03,661.39
2023-06-01,PROD0049,91,STORE0006,9,427.39,47.54,3798.97
2023-07-01,PROD0048,195,STORE0008,7,308.72,37.89,2123.15
2023-08-01,PROD0033,132,STORE0008,6,481.92,19.84,2871.68
2023-09-01,PROD0038,196,STORE0010,8,292.17,39.59,2297.77
2023-10-01,PROD0016,48,STORE0009,5,88.74,23.32,420.38
2023-11-01,PROD0028,94,STORE0007,1,27.56,47.19,-19.63
2023-12-01,PROD0022,210,STORE0004,8,365.94,40.86,2886.66
2024-01-01,PROD0005,207,STORE0004,5,179.59,19.76,878.19
2024-02-01,PROD0022,166,STORE0009,9,464.41,35.65,4144.04
2024-03-01,PROD0033,262,STORE0009,4,327.04,16.45,1291.71
2024-04-01,PROD0044,179,STORE0003,5,217.84,42.48,1046.72
2024-05-01,PROD0049,77,STORE0006,6,130.69,10.9,773.24
2024-06-01,PROD0020,216,STORE0006,3,228.62,45.03,640.83
2024-07-01,PROD0013,241,STORE0002,5,404.03,49.96,1970.19
2024-08-01,PROD0048,128,STORE0009,8,62.84,11.39,491.33
2024-09-01,PROD0005,165,STORE0002,2,355.32,6.18,704.46
2024-10-01,PROD0032,263,STORE0008,3,427.7,0.55,1282.55
2024-11-01,PROD0004,63,STORE0002,2,476.88,39.2,914.56
2024-12-01,PROD0039,242,STORE0004,8,246.69,34.94,1938.58
2023-01-01,PROD0037,61,STORE0006,2,476.48,49.01,903.95
2023-02-01,PROD0024,161,STORE0010,3,386.72,11.59,1148.57
2023-03-01,PROD0021,111,STORE0009,5,306.66,42.28,1491.02
2023-04-01,PROD0003,8,STORE0005,5,423.51,12.75,2104.8
2023-05-01,PROD0042,83,STORE0006,9,83.8,15.76,738.44
2023-06-01,PROD0046,116,STORE0009,7,152.57,45.94,1022.05
2023-07-01,PROD0015,273,STORE0010,7,289.15,6.84,2017.21
2023-08-01,PROD0016,90,STORE0010,5,222.85,15.17,1099.08
2023-09-01,PROD0030,164,STORE0007,6,301.22,20.57,1786.75
2023-10-01,PROD0043,104,STORE0006,4,166.3,31.85,633.35
2023-11-01,PROD0013,21,STORE0003,2,361.18,2.3,720.06
2023-12-01,PROD0025,75,STORE0006,2,288.06,18.02,558.1
2024-01-01,PROD0027,23,STORE0007,6,412.13,28.26,2444.52
2024-02-01,PROD0016,98,STORE0008,4,300.25,1.59,1199.41
2024-03-01,PROD0030,134,STORE0004,2,186.3,31.63,340.97
2024-04-01,PROD0015,281,STORE0010,3,117.9,25.52,328.18
2024-05-01,PROD0026,235,STORE0008,9,331.54,9.18,2974.68
2024-06-01,PROD0023,24,STORE0010,8,157.31,34.14,1224.34
2024-07-01,PROD0012,125,STORE0007,3,118.58,37.01,318.73
2024-08-01,PROD0040,183,STORE0008,2,374.58,36.33,712.83
2024-09-01,PROD0018,139,STORE0006,2,374.37,12.77,735.97
2024-10-01,PROD0024,180,STORE0003,2,188.37,5.12,371.62
2024-11-01,PROD0007,153,STORE0003,1,267.35,39.54,227.81
2024-12-01,PROD0031,251,STORE0003,8,477.23,8.64,3809.2
2023-01-01,PROD0032,281,STORE0010,3,115.88,5.99,341.65
2023-02-01,PROD0024,78,STORE0001,5,266.74,29.21,1304.49
2023-03-01,PROD0012,132,STORE0001,7,264.04,1.28,1847.0
2023-04-01,PROD0006,256,STORE0001,7,82.94,49.11,531.47
2023-05-01,PROD0019,300,STORE0001,3,368.18,9.1,1095.44
2023-06-01,PROD0034,199,STORE0007,4,417.63,22.25,1648.27
2023-07-01,PROD0007,126,STORE0002,5,453.34,16.85,2249.85
2023-08-01,PROD0038,189,STORE0006,4,177.61,15.94,694.5
2023-09-01,PROD0033,156,STORE0003,1,75.05,49.62,25.43
2023-10-01,PROD0038,183,STORE0010,3,445.34,40.49,1295.53
2023-11-01,PROD0045,239,STORE0010,8,58.99,23.71,448.21
2023-12-01,PROD0018,110,STORE0002,9,127.77,22.31,1127.62
2024-01-01,PROD0041,221,STORE0008,5,178.06,46.57,843.73
2024-02-01,PROD0039,172,STORE0003,5,294.58,16.81,1456.09
2024-03-01,PROD0047,273,STORE0004,6,416.39,48.31,2450.03
2024-04-01,PROD0002,50,STORE0002,9,308.31,44.46,2730.33
2024-05-01,PROD0010,146,STORE0010,1,52.1,24.51,27.59
2024-06-01,PROD0039,181,STORE0003,9,267.21,44.86,2360.03
2024-07-01,PROD0011,223,STORE0004,1,356.15,7.29,348.86
2024-08-01,PROD0009,131,STORE0003,3,271.52,1.43,813.13
2024-09-01,PROD0004,271,STORE0009,8,495.37,42.49,3920.47
2024-10-01,PROD0008,49,STORE0009,2,184.11,31.56,336.66
2024-11-01,PROD0025,230,STORE0003,4,298.43,6.11,1187.61
2024-12-01,PROD0024,181,STORE0010,9,243.88,5.02,2189.9
2023-01-01,PROD0010,294,STORE0007,2,250.0,35.08,464.92
2023-02-01,PROD0041,111,STORE0006,5,445.5,25.94,2201.56
2023-03-01,PROD0046,188,STORE0008,7,195.93,25.24,1346.27
2023-04-01,PROD0005,206,STORE0010,2,303.05,42.1,564.0
2023-05-01,PROD0020,250,STORE0009,5,406.13,38.38,1992.27
2023-06-01,PROD0037,40,STORE0005,2,157.09,30.01,284.17
2023-07-01,PROD0010,213,STORE0003,7,84.98,11.99,582.87
2023-08-01,PROD0043,115,STORE0010,6,463.72,33.7,2748.62
2023-09-01,PROD0021,114,STORE0007,2,269.97,4.46,535.48
2023-10-01,PROD0004,32,STORE0004,4,480.64,22.28,1900.28
2023-11-01,PROD0043,166,STORE0005,9,343.73,26.58,3066.99
2023-12-01,PROD0021,43,STORE0001,2,318.37,25.07,611.67
2024-01-01,PROD0038,280,STORE0002,1,495.12,17.71,477.41
2024-02-01,PROD0001,152,STORE0001,2,491.48,37.77,945.19
2024-03-01,PROD0010,298,STORE0003,3,348.25,20.24,1024.51
2024-04-01,PROD0039,30,STORE0006,5,444.76,44.95,2178.85
2024-05-01,PROD0014,84,STORE0001,8,339.73,34.09,2683.75
2024-06-01,PROD0014,191,STORE0001,9,36.22,35.88,290.1
2024-07-01,PROD0045,100,STORE0006,7,158.63,9.22,1101.19
2024-08-01,PROD0017,110,STORE0006,9,148.07,23.95,1308.68
2024-09-01,PROD0026,22,STORE0002,4,389.05,35.56,1520.64
2024-10-01,PROD0030,122,STORE0007,8,354.25,17.91,2816.09
2024-11-01,PROD0016,192,STORE0008,2,449.96,7.58,892.34
2024-12-01,PROD0049,255,STORE0002,4,317.43,40.2,1229.52
2023-01-01,PROD0025,119,STORE0004,5,462.7,20.73,2292.77
2023-02-01,PROD0018,250,STORE0010,4,248.8,8.14,987.06
2023-03-01,PROD0012,158,STORE0010,5,72.16,49.52,311.28
2023-04-01,PROD0017,259,STORE0009,7,370.95,2.79,2593.86
2023-05-01,PROD0003,91,STORE0001,8,310.06,16.54,2463.94
2023-06-01,PROD0022,197,STORE0004,1,356.94,46.61,310.33
2023-07-01,PROD0026,26,STORE0003,2,346.11,27.31,664.91
2023-08-01,PROD0013,186,STORE0005,1,199.65,37.11,162.54
2023-09-01,PROD0021,252,STORE0005,1,272.16,34.66,237.5
2023-10-01,PROD0025,44,STORE0002,6,70.36,2.98,419.18
2023-11-01,PROD0046,60,STORE0005,7,426.68,23.82,2962.94
2023-12-01,PROD0015,50,STORE0003,7,428.54,3.89,2995.89
2024-01-01,PROD0020,150,STORE0002,1,488.09,15.37,472.72
2024-02-01,PROD0029,286,STORE0010,2,444.54,35.4,853.68
2024-03-01,PROD0046,92,STORE0008,4,157.15,34.07,594.53
2024-04-01,PROD0024,65,STORE0009,4,29.71,35.53,83.31
2024-05-01,PROD0043,166,STORE0006,6,385.73,35.06,2279.32
2024-06-01,PROD0029,47,STORE0008,5,408.94,7.67,2037.03
2024-07-01,PROD0036,165,STORE0009,7,65.37,38.01,419.58
2024-08-01,PROD0013,58,STORE0001,3,478.99,10.37,1426.6
2024-09-01,PROD0024,239,STORE0002,8,467.97,13.86,3729.9
2024-10-01,PROD0001,198,STORE0007,9,265.76,40.18,2351.66
2024-11-01,PROD0017,70,STORE0003,4,72.28,0.03,289.09
2024-12-01,PROD0033,135,STORE0009,6,301.65,22.48,1787.42
2023-01-01,PROD0024,51,STORE0006,7,259.79,22.03,1796.5
2023-02-01,PROD0033,26,STORE0010,3,316.95,25.66,925.19
2023-03-01,PROD0040,276,STORE0003,7,221.74,2.3,1549.88
2023-04-01,PROD0016,209,STORE0003,6,74.29,26.03,419.71
2023-05-01,PROD0018,207,STORE0003,3,44.23,13.29,119.4
2023-06-01,PROD0025,51,STORE0007,6,251.0,15.43,1490.57
2023-07-01,PROD0007,48,STORE0010,9,336.64,33.55,2996.21
2023-08-01,PROD0047,290,STORE0008,6,366.44,33.9,2164.74
2023-09-01,PROD0044,13,STORE0008,9,269.73,12.18,2415.39
2023-10-01,PROD0010,291,STORE0008,8,50.64,37.28,367.84
2023-11-01,PROD0022,81,STORE0006,3,496.28,46.15,1442.69
2023-12-01,PROD0009,283,STORE0007,1,90.37,14.1,76.27
2024-01-01,PROD0006,74,STORE0010,9,210.93,29.13,1869.24
2024-02-01,PROD0014,234,STORE0005,2,258.86,19.61,498.11
2024-03-01,PROD0048,106,STORE0006,3,402.43,10.51,1196.78
2024-04-01,PROD0015,212,STORE0006,7,236.58,43.71,1612.35
2024-05-01,PROD0018,234,STORE0004,9,334.09,35.46,2971.35
2024-06-01,PROD0025,80,STORE0009,6,69.19,12.2,402.94
2024-07-01,PROD0041,6,STORE0001,7,186.58,19.45,1286.61
2024-08-01,PROD0007,172,STORE0007,1,366.2,8.06,358.14
2024-09-01,PROD0041,276,STORE0008,9,425.75,21.54,3810.21
2024-10-01,PROD0048,48,STORE0009,2,247.2,24.21,470.19
2024-11-01,PROD0049,261,STORE0001,9,444.37,43.99,3955.34
2024-12-01,PROD0010,273,STORE0005,5,312.25,31.87,1529.38
2023-01-01,PROD0013,10,STORE0002,4,166.34,12.47,652.89
2023-02-01,PROD0010,66,STORE0003,1,65.02,37.29,27.73
2023-03-01,PROD0026,262,STORE0001,1,125.06,39.32,85.74
2023-04-01,PROD0002,268,STORE0006,2,207.39,7.75,407.03
2023-05-01,PROD0032,156,STORE0009,7,284.94,2.46,1992.12
2023-06-01,PROD0010,19,STORE0004,5,468.51,44.33,2298.22
2023-07-01,PROD0015,172,STORE0009,6,48.66,10.45,281.51
2023-08-01,PROD0029,298,STORE0007,6,477.66,31.53,2834.43
2023-09-01,PROD0007,277,STORE0002,2,499.21,19.85,978.57
2023-10-01,PROD0006,177,STORE0008,7,148.92,2.86,1039.58
2023-11-01,PROD0033,146,STORE0002,1,351.17,38.17,313.0
2023-12-01,PROD0030,216,STORE0010,3,308.54,18.29,907.33
2024-01-01,PROD0025,221,STORE0005,6,411.37,41.67,2426.55
2024-02-01,PROD0039,91,STORE0005,5,49.52,27.75,219.85
2024-03-01,PROD0042,194,STORE0005,2,446.23,29.07,863.39
2024-04-01,PROD0042,250,STORE0008,4,137.96,8.13,543.71
2024-05-01,PROD0031,105,STORE0002,2,114.82,26.06,203.58
2024-06-01,PROD0045,87,STORE0004,2,172.82,48.65,296.99
2024-07-01,PROD0040,207,STORE0001,3,171.21,1.78,511.85
2024-08-01,PROD0034,233,STORE0005,2,214.81,13.79,415.83
2024-09-01,PROD0037,143,STORE0001,7,40.0,12.57,267.43
2024-10-01,PROD0010,7,STORE0008,6,399.61,28.58,2369.08
2024-11-01,PROD0001,136,STORE0002,5,491.77,11.27,2447.58
2024-12-01,PROD0001,158,STORE0008,1,20.66,37.24,-16.58
2023-01-01,PROD0013,282,STORE0001,5,236.64,44.29,1138.91
2023-02-01,PROD0025,85,STORE0009,2,437.47,40.39,834.55
2023-03-01,PROD0018,193,STORE0008,3,187.81,33.56,529.87
2023-04-01,PROD0013,191,STORE0005,5,86.37,12.62,419.23
2023-05-01,PROD0025,72,STORE0002,9,276.49,7.15,2481.26
2023-06-01,PROD0016,294,STORE0010,6,321.8,3.0,1927.8
2023-07-01,PROD0045,280,STORE0009,4,335.66,34.52,1308.12
2023-08-01,PROD0043,40,STORE0001,2,311.79,22.1,601.48
2023-09-01,PROD0017,21,STORE0003,3,455.63,34.42,1332.47
2023-10-01,PROD0026,68,STORE0010,2,413.25,6.98,819.52
2023-11-01,PROD0002,245,STORE0002,9,185.83,30.63,1641.84
2023-12-01,PROD0019,210,STORE0005,4,307.09,23.89,1204.47
2024-01-01,PROD0005,127,STORE0004,4,451.78,18.26,1788.86
2024-02-01,PROD0036,145,STORE0004,7,469.01,17.29,3265.78
2024-03-01,PROD0018,254,STORE0005,3,425.45,13.59,1262.76
2024-04-01,PROD0026,138,STORE0010,6,80.81,21.92,462.94
2024-05-01,PROD0039,88,STORE0005,3,277.18,20.96,810.58
2024-06-01,PROD0034,29,STORE0004,7,112.19,32.04,753.29
2024-07-01,PROD0047,235,STORE0002,9,498.62,39.12,4448.46
2024-08-01,PROD0013,277,STORE0010,4,129.58,44.46,473.86
2024-09-01,PROD0050,26,STORE0003,5,29.38,3.85,143.05
2024-10-01,PROD0026,236,STORE0007,9,179.94,3.85,1615.61
2024-11-01,PROD0015,203,STORE0010,2,143.61,48.36,238.86
2024-12-01,PROD0013,130,STORE0003,6,215.76,23.02,1271.54
2023-01-01,PROD0042,266,STORE0004,3,126.98,42.63,338.31
2023-02-01,PROD0004,28,STORE0007,8,370.02,25.13,2935.03
2023-03-01,PROD0014,209,STORE0003,3,429.1,12.13,1275.17
2023-04-01,PROD0010,235,STORE0004,3,276.25,19.1,809.65
2023-05-01,PROD0022,294,STORE0005,1,445.65,32.39,413.26
2023-06-01,PROD0021,290,STORE0007,4,99.02,26.11,369.97
2023-07-01,PROD0028,152,STORE0010,6,476.09,26.3,2830.24
2023-08-01,PROD0006,1,STORE0010,5,324.29,26.42,1595.03
2023-09-01,PROD0050,31,STORE0003,8,151.19,13.9,1195.62
2023-10-01,PROD0008,89,STORE0008,5,99.03,32.38,462.77
2023-11-01,PROD0035,177,STORE0007,8,483.6,34.97,3833.83
2023-12-01,PROD0007,27,STORE0002,6,103.4,21.48,598.92
2024-01-01,PROD0013,44,STORE0006,6,495.7,5.78,2968.42
2024-02-01,PROD0049,149,STORE0004,8,95.56,22.54,741.94
2024-03-01,PROD0017,196,STORE0009,4,47.22,32.56,156.32
2024-04-01,PROD0018,46,STORE0004,6,149.3,2.93,892.87
2024-05-01,PROD0047,104,STORE0004,3,297.48,42.45,849.99
2024-06-01,PROD0045,30,STORE0008,1,212.6,12.37,200.23
2024-07-01,PROD0026,150,STORE0001,6,204.72,18.04,1210.28
2024-08-01,PROD0048,171,STORE0006,6,394.2,33.2,2332.0
2024-09-01,PROD0019,236,STORE0010,2,253.36,42.12,464.6
2024-10-01,PROD0013,155,STORE0003,3,39.49,14.19,104.28
2024-11-01,PROD0003,294,STORE0003,3,133.67,42.79,358.22
2024-12-01,PROD0015,123,STORE0005,6,27.12,28.51,134.21
2023-01-01,PROD0021,268,STORE0004,7,361.97,45.8,2487.99
2023-02-01,PROD0031,295,STORE0001,9,210.67,40.8,1855.23
2023-03-01,PROD0047,35,STORE0002,1,261.14,33.61,227.53
2023-04-01,PROD0020,91,STORE0001,3,360.7,45.45,1036.65
2023-05-01,PROD0023,188,STORE0008,1,470.43,10.79,459.64
2023-06-01,PROD0023,99,STORE0010,1,322.74,24.81,297.93
2023-07-01,PROD0039,194,STORE0008,4,56.5,21.73,204.27
2023-08-01,PROD0012,100,STORE0008,5,330.07,3.34,1647.01
2023-09-01,PROD0026,13,STORE0001,3,306.24,12.0,906.72
2023-10-01,PROD0046,238,STORE0009,7,467.37,48.18,3223.41
2023-11-01,PROD0006,204,STORE0009,4,301.71,29.37,1177.47
2023-12-01,PROD0050,206,STORE0010,6,352.02,17.52,2094.6
2024-01-01,PROD0045,115,STORE0010,9,484.47,18.88,4341.35
2024-02-01,PROD0007,274,STORE0010,2,239.78,40.09,439.47
2024-03-01,PROD0035,103,STORE0002,1,253.31,48.34,204.97
2024-04-01,PROD0022,151,STORE0004,8,346.66,47.44,2725.84
2024-05-01,PROD0033,138,STORE0004,8,236.5,12.02,1879.98
2024-06-01,PROD0037,51,STORE0007,3,418.4,0.49,1254.71
2024-07-01,PROD0041,94,STORE0003,5,147.59,34.44,703.51
2024-08-01,PROD0019,117,STORE0003,6,197.2,25.02,1158.18
2024-09-01,PROD0042,293,STORE0003,4,421.25,12.79,1672.21
2024-10-01,PROD0019,196,STORE0010,8,330.05,2.48,2637.92
2024-11-01,PROD0019,189,STORE0010,6,277.45,42.01,1622.69
2024-12-01,PROD0010,9,STORE0010,9,113.52,1.09,1020.59
2023-01-01,PROD0028,36,STORE0006,9,189.76,45.28,1662.56
2023-02-01,PROD0034,252,STORE0005,9,250.58,32.68,2222.54
2023-03-01,PROD0019,213,STORE0001,7,303.57,10.91,2114.08
2023-04-01,PROD0023,225,STORE0001,5,86.47,8.23,424.12
2023-05-01,PROD0046,33,STORE0003,9,416.4,20.52,3727.08
2023-06-01,PROD0023,40,STORE0008,6,357.33,36.92,2107.06
2023-07-01,PROD0037,210,STORE0010,4,71.35,16.82,268.58
2023-08-01,PROD0016,67,STORE0005,7,64.19,41.84,407.49
2023-09-01,PROD0009,181,STORE0006,9,286.92,30.1,2552.18
2023-10-01,PROD0017,287,STORE0003,3,58.05,13.04,161.11
2023-11-01,PROD0011,43,STORE0005,7,335.34,8.12,2339.26
2023-12-01,PROD0036,53,STORE0008,1,200.92,5.18,195.74
2024-01-01,PROD0024,44,STORE0009,7,127.85,9.74,885.21
2024-02-01,PROD0049,114,STORE0007,3,458.06,16.51,1357.67
2024-03-01,PROD0037,71,STORE0001,7,103.42,36.9,687.04
2024-04-01,PROD0009,258,STORE0006,8,90.33,37.47,685.17
2024-05-01,PROD0021,77,STORE0008,3,409.0,28.8,1198.2
2024-06-01,PROD0050,288,STORE0001,8,150.32,44.76,1157.8
2024-07-01,PROD0022,17,STORE0004,7,436.16,33.96,3019.16
2024-08-01,PROD0044,80,STORE0010,9,481.44,6.18,4326.78
2024-09-01,PROD0018,213,STORE0002,5,486.41,2.99,2429.06
2024-10-01,PROD0009,248,STORE0010,5,194.73,44.88,928.77
2024-11-01,PROD0049,67,STORE0008,6,377.81,22.82,2244.04
2024-12-01,PROD0035,211,STORE0010,6,68.06,44.06,364.3
2023-01-01,PROD0014,158,STORE0007,3,159.08,44.6,432.64
2023-02-01,PROD0006,161,STORE0009,4,74.42,40.74,256.94
2023-03-01,PROD0037,108,STORE0004,5,471.49,8.12,2349.33
2023-04-01,PROD0034,94,STORE0005,7,113.45,49.0,745.15
2023-05-01,PROD0050,282,STORE0003,1,437.26,17.87,419.39
2023-06-01,PROD0020,11,STORE0010,3,255.79,17.17,750.2
2023-07-01,PROD0007,17,STORE0003,7,170.97,39.45,1157.34
2023-08-01,PROD0030,35,STORE0001,1,237.29,26.66,210.63
2023-09-01,PROD0019,175,STORE0001,8,146.97,46.29,1129.47
2023-10-01,PROD0021,132,STORE0008,4,437.97,32.59,1719.29
2023-11-01,PROD0001,215,STORE0005,9,112.41,44.82,966.87
2023-12-01,PROD0023,91,STORE0002,4,470.07,34.63,1845.65
2024-01-01,PROD0017,79,STORE0002,2,440.59,29.59,851.59
2024-02-01,PROD0013,42,STORE0004,8,261.73,9.5,2084.34
2024-03-01,PROD0038,96,STORE0002,7,81.09,48.06,519.57
2024-04-01,PROD0002,202,STORE0006,9,346.88,10.9,3111.02
2024-05-01,PROD0002,288,STORE0003,6,434.88,9.25,2600.03
2024-06-01,PROD0018,222,STORE0010,8,98.54,28.98,759.34
2024-07-01,PROD0008,206,STORE0005,2,260.68,39.5,481.86
2024-08-01,PROD0040,107,STORE0004,9,355.33,29.92,3168.05
2024-09-01,PROD0017,96,STORE0009,8,118.46,23.94,923.74
2024-10-01,PROD0036,174,STORE0010,3,196.28,38.15,550.69
2024-11-01,PROD0034,182,STORE0007,8,372.39,45.35,2933.77
2024-12-01,PROD0017,136,STORE0005,8,318.77,23.41,2526.75
2023-01-01,PROD0023,53,STORE0006,4,396.78,42.88,1544.24
2023-02-01,PROD0025,166,STORE0001,8,152.0,33.11,1182.89
2023-03-01,PROD0043,18,STORE0010,9,96.38,21.53,845.89
2023-04-01,PROD0005,129,STORE0005,2,458.75,10.93,906.57
2023-05-01,PROD0001,5,STORE0003,9,397.35,23.51,3552.64
2023-06-01,PROD0002,69,STORE0007,1,283.5,20.08,263.42
2023-07-01,PROD0007,188,STORE0006,5,187.54,36.74,900.96
2023-08-01,PROD0007,163,STORE0002,4,131.82,2.64,524.64
2023-09-01,PROD0001,269,STORE0005,1,296.46,25.32,271.14
2023-10-01,PROD0025,14,STORE0002,8,319.7,36.99,2520.61
2023-11-01,PROD0011,93,STORE0001,7,140.5,12.31,971.19
2023-12-01,PROD0011,132,STORE0007,2,461.69,12.09,911.29
2024-01-01,PROD0005,211,STORE0001,5,368.84,44.44,1799.76
2024-02-01,PROD0017,293,STORE0004,6,120.85,13.52,711.58
2024-03-01,PROD0015,17,STORE0007,5,325.22,48.04,1578.06
2024-04-01,PROD0047,143,STORE0007,5,385.9,12.12,1917.38
2024-05-01,PROD0012,50,STORE0005,8,430.03,29.46,3410.78
2024-06-01,PROD0020,230,STORE0005,6,33.54,41.79,159.45
2024-07-01,PROD0016,95,STORE0008,4,166.84,34.62,632.74
2024-08-01,PROD0022,103,STORE0008,4,167.56,3.46,666.78
2024-09-01,PROD0024,188,STORE0003,6,153.72,5.88,916.44
2024-10-01,PROD0001,168,STORE0004,1,379.44,15.89,363.55
2024-11-01,PROD0039,2,STORE0001,6,225.89,1.26,1354.08
2024-12-01,PROD0034,241,STORE0001,4,251.77,44.46,962.62
2023-01-01,PROD0038,282,STORE0002,3,496.09,48.2,1440.07
2023-02-01,PROD0022,106,STORE0005,4,179.9,44.48,675.12
2023-03-01,PROD0010,272,STORE0002,7,396.93,14.55,2763.96
2023-04-01,PROD0002,69,STORE0005,8,239.77,33.91,1884.25
2023-05-01,PROD0044,127,STORE0007,1,181.7,5.85,175.85
2023-06-01,PROD0023,172,STORE0006,2,323.89,29.01,618.77
2023-07-01,PROD0031,129,STORE0008,2,309.74,34.67,584.81
2023-08-01,PROD0004,27,STORE0005,8,197.53,26.49,1553.75
2023-09-01,PROD0022,53,STORE0008,1,442.76,25.79,416.97
2023-10-01,PROD0024,214,STORE0010,9,167.02,44.29,1458.89
2023-11-01,PROD0006,143,STORE0008,9,84.59,11.75,749.56
2023-12-01,PROD0001,10,STORE0008,3,198.29,34.47,560.4
2024-01-01,PROD0032,280,STORE0001,7,39.39,22.5,253.23
2024-02-01,PROD0045,287,STORE0002,9,386.04,44.15,3430.21
2024-03-01,PROD0039,264,STORE0007,8,348.4,14.53,2772.67
2024-04-01,PROD0044,232,STORE0003,9,404.16,4.16,3633.28
2024-05-01,PROD0030,81,STORE0009,8,282.0,4.18,2251.82
2024-06-01,PROD0048,226,STORE0009,7,39.2,19.66,254.74
2024-07-01,PROD0044,183,STORE0009,9,77.31,1.97,693.82
2024-08-01,PROD0031,220,STORE0005,6,62.99,15.53,362.41
2024-09-01,PROD0029,112,STORE0010,7,150.18,22.74,1028.52
2024-10-01,PROD0019,223,STORE0001,4,275.37,44.27,1057.21
2024-11-01,PROD0046,288,STORE0003,3,137.36,42.46,369.62
2024-12-01,PROD0048,85,STORE0008,6,331.81,1.25,1989.61
2023-01-01,PROD0037,70,STORE0003,9,64.03,36.52,539.75
2023-02-01,PROD0048,136,STORE0010,6,64.89,6.95,382.39
2023-03-01,PROD0027,254,STORE0008,2,344.59,41.35,647.83
2023-04-01,PROD0005,37,STORE0004,8,83.69,25.54,643.98
2023-05-01,PROD0010,225,STORE0006,2,242.85,23.92,461.78
2023-06-01,PROD0036,187,STORE0003,9,377.0,20.77,3372.23
2023-07-01,PROD0030,189,STORE0009,1,26.42,22.22,4.2
2023-08-01,PROD0029,55,STORE0002,5,395.09,1.02,1974.43
2023-09-01,PROD0022,251,STORE0008,8,101.89,44.9,770.22
2023-10-01,PROD0012,210,STORE0006,8,418.2,46.81,3298.79
2023-11-01,PROD0039,8,STORE0010,9,406.07,23.1,3631.53
2023-12-01,PROD0013,283,STORE0002,6,323.14,32.42,1906.42
2024-01-01,PROD0049,250,STORE0002,8,383.93,34.47,3036.97
2024-02-01,PROD0020,232,STORE0008,7,337.88,11.45,2353.71
2024-03-01,PROD0013,202,STORE0005,1,441.42,36.01,405.41
2024-04-01,PROD0034,38,STORE0001,2,477.93,25.9,929.96
2024-05-01,PROD0035,119,STORE0004,1,114.17,26.46,87.71
2024-06-01,PROD0010,172,STORE0006,2,173.33,15.45,331.21
2024-07-01,PROD0009,165,STORE0008,7,370.98,45.24,2551.62
2024-08-01,PROD0012,256,STORE0010,6,85.14,22.41,488.43
2024-09-01,PROD0035,112,STORE0001,6,361.05,11.27,2155.03
2024-10-01,PROD0009,183,STORE0005,6,193.49,1.69,1159.25
2024-11-01,PROD0008,131,STORE0007,8,235.37,27.31,1855.65
2024-12-01,PROD0047,155,STORE0006,4,361.17,6.31,1438.37
2023-01-01,PROD0041,245,STORE0003,4,200.08,35.89,764.43
2023-02-01,PROD0023,16,STORE0007,9,340.48,21.26,3043.06
2023-03-01,PROD0033,25,STORE0010,3,233.98,10.56,691.38
2023-04-01,PROD0042,245,STORE0009,8,320.66,15.74,2549.54
2023-05-01,PROD0033,37,STORE0001,4,127.13,36.51,472.01
2023-06-01,PROD0026,281,STORE0009,4,97.38,16.56,372.96
2023-07-01,PROD0026,278,STORE0003,6,241.73,46.0,1404.38
2023-08-01,PROD0013,256,STORE0004,6,151.51,45.98,863.08
2023-09-01,PROD0035,258,STORE0004,7,473.87,44.76,3272.33
2023-10-01,PROD0049,62,STORE0001,3,279.64,36.0,802.92
2023-11-01,PROD0034,182,STORE0001,3,283.27,33.28,816.53
2023-12-01,PROD0027,116,STORE0009,9,385.51,40.58,3429.01
2024-01-01,PROD0019,36,STORE0005,7,269.17,19.36,1864.83
2024-02-01,PROD0039,105,STORE0003,4,335.13,19.75,1320.77
2024-03-01,PROD0008,162,STORE0006,6,430.73,13.3,2571.08
2024-04-01,PROD0009,228,STORE0007,9,89.57,16.66,789.47
2024-05-01,PROD0015,139,STORE0009,3,356.52,7.33,1062.23
2024-06-01,PROD0001,27,STORE0010,1,77.63,9.78,67.85
2024-07-01,PROD0045,97,STORE0009,8,109.43,24.78,850.66
2024-08-01,PROD0034,259,STORE0004,7,200.13,25.92,1374.99
2024-09-01,PROD0024,201,STORE0010,1,403.21,40.66,362.55
2024-10-01,PROD0001,78,STORE0004,8,47.84,18.51,364.21
2024-11-01,PROD0049,248,STORE0009,2,41.48,30.08,52.88
2024-12-01,PROD0015,56,STORE0008,8,442.73,32.72,3509.12
2023-01-01,PROD0024,271,STORE0010,2,171.24,30.68,311.8
2023-02-01,PROD0027,78,STORE0009,2,163.53,41.49,285.57
2023-03-01,PROD0009,232,STORE0007,2,296.64,27.78,565.5
2023-04-01,PROD0038,22,STORE0007,7,144.84,7.18,1006.7
2023-05-01,PROD0034,135,STORE0008,3,164.78,34.25,460.09
2023-06-01,PROD0025,44,STORE0008,1,409.32,1.48,407.84
2023-07-01,PROD0004,278,STORE0007,7,428.07,22.59,2973.9
2023-08-01,PROD0013,296,STORE0005,1,111.58,35.64,75.94
2023-09-01,PROD0031,260,STORE0001,1,190.96,46.17,144.79
2023-10-01,PROD0050,285,STORE0008,1,425.28,28.92,396.36
2023-11-01,PROD0003,14,STORE0002,3,358.92,25.53,1051.23
2023-12-01,PROD0033,93,STORE0002,8,491.31,2.6,3927.88
2024-01-01,PROD0015,7,STORE0001,8,130.78,27.86,1018.38
2024-02-01,PROD0044,186,STORE0005,5,331.97,46.18,1613.67
2024-03-01,PROD0006,233,STORE0009,1,460.95,24.31,436.64
2024-04-01,PROD0004,140,STORE0002,5,142.4,38.25,673.75
2024-05-01,PROD0005,229,STORE0003,4,273.14,22.45,1070.11
2024-06-01,PROD0018,227,STORE0005,3,189.61,21.74,547.09
2024-07-01,PROD0029,163,STORE0006,5,480.88,48.59,2355.81
2024-08-01,PROD0003,186,STORE0004,1,118.52,16.49,102.03
2024-09-01,PROD0022,24,STORE0009,8,79.25,18.17,615.83
2024-10-01,PROD0046,44,STORE0003,1,113.41,17.29,96.12
2024-11-01,PROD0045,122,STORE0010,3,250.23,15.05,735.64
2024-12-01,PROD0006,204,STORE0007,8,345.23,19.72,2742.12
2023-01-01,PROD0032,189,STORE0002,8,180.03,41.45,1398.79
2023-02-01,PROD0024,213,STORE0001,2,284.7,45.14,524.26
2023-03-01,PROD0003,289,STORE0010,9,316.15,13.76,2831.59
2023-04-01,PROD0038,108,STORE0001,6,183.77,24.6,1078.02
2023-05-01,PROD0049,275,STORE0001,9,436.27,29.84,3896.59
2023-06-01,PROD0008,53,STORE0005,6,195.83,5.43,1169.55
2023-07-01,PROD0002,215,STORE0001,3,34.51,39.5,64.03
2023-08-01,PROD0037,142,STORE0006,1,310.79,15.28,295.51
2023-09-01,PROD0040,280,STORE0005,2,437.93,15.48,860.38
2023-10-01,PROD0017,176,STORE0006,8,133.21,32.9,1032.78
2023-11-01,PROD0048,191,STORE0010,8,168.64,27.13,1321.99
2023-12-01,PROD0041,69,STORE0007,1,349.09,27.37,321.72
2024-01-01,PROD0019,192,STORE0001,4,125.65,30.22,472.38
2024-02-01,PROD0037,242,STORE0006,7,40.98,8.49,278.37
2024-03-01,PROD0036,48,STORE0007,7,447.51,14.67,3117.9
2024-04-01,PROD0039,231,STORE0002,5,487.32,8.22,2428.38
2024-05-01,PROD0030,149,STORE0010,9,294.81,31.09,2622.2
2024-06-01,PROD0002,232,STORE0001,6,51.6,33.63,275.97
2024-07-01,PROD0043,156,STORE0009,4,333.53,28.02,1306.1
2024-08-01,PROD0013,7,STORE0009,7,130.03,11.27,898.94
2024-09-01,PROD0004,243,STORE0008,7,321.38,28.4,2221.26
2024-10-01,PROD0041,87,STORE0010,7,75.25,42.57,484.18
2024-11-01,PROD0022,160,STORE0008,3,33.67,33.84,67.17
2024-12-01,PROD0014,194,STORE0010,9,417.02,44.46,3708.72
2023-01-01,PROD0033,159,STORE0002,3,461.49,24.38,1360.09
2023-02-01,PROD0032,180,STORE0009,7,137.48,6.01,956.35
2023-03-01,PROD0011,223,STORE0001,7,174.71,16.64,1206.33
2023-04-01,PROD0042,214,STORE0004,8,346.83,36.82,2737.82
2023-05-01,PROD0003,132,STORE0009,2,140.24,25.93,254.55
2023-06-01,PROD0030,64,STORE0006,6,41.34,49.28,198.76
2023-07-01,PROD0037,165,STORE0007,4,155.4,2.41,619.19
2023-08-01,PROD0036,249,STORE0006,1,207.4,4.05,203.35
2023-09-01,PROD0003,249,STORE0007,9,211.25,16.59,1884.66
2023-10-01,PROD0033,95,STORE0001,5,39.92,8.05,191.55
2023-11-01,PROD0006,122,STORE0003,5,277.26,8.79,1377.51
2023-12-01,PROD0027,128,STORE0001,1,121.85,11.08,110.77
2024-01-01,PROD0042,43,STORE0002,4,64.63,21.22,237.3
2024-02-01,PROD0014,106,STORE0008,6,499.84,8.98,2990.06
2024-03-01,PROD0002,16,STORE0007,2,117.65,43.3,192.0
2024-04-01,PROD0011,179,STORE0008,1,195.33,14.06,181.27
2024-05-01,PROD0029,258,STORE0007,2,415.6,33.51,797.69
2024-06-01,PROD0015,154,STORE0004,8,98.26,48.9,737.18
2024-07-01,PROD0011,117,STORE0008,1,280.65,39.05,241.6
2024-08-01,PROD0010,243,STORE0007,7,338.71,2.81,2368.16
2024-09-01,PROD0044,173,STORE0006,5,436.24,1.04,2180.16
2024-10-01,PROD0049,188,STORE0002,1,429.03,16.18,412.85
2024-11-01,PROD0043,234,STORE0007,3,315.57,48.05,898.66
2024-12-01,PROD0005,189,STORE0006,5,189.9,49.59,899.91
2023-01-01,PROD0030,117,STORE0002,4,428.06,42.19,1670.05
2023-02-01,PROD0024,249,STORE0008,5,157.69,30.04,758.41
2023-03-01,PROD0033,231,STORE0005,1,490.15,26.9,463.25
2023-04-01,PROD0019,16,STORE0004,5,161.74,8.65,800.05
2023-05-01,PROD0046,128,STORE0001,7,72.64,13.1,495.38
2023-06-01,PROD0039,18,STORE0001,7,237.36,6.39,1655.13
2023-07-01,PROD0003,105,STORE0009,1,295.58,15.64,279.94
2023-08-01,PROD0003,166,STORE0006,7,168.99,11.48,1171.45
2023-09-01,PROD0003,282,STORE0009,9,263.62,18.86,2353.72
2023-10-01,PROD0008,284,STORE0001,5,307.93,9.48,1530.17
2023-11-01,PROD0049,113,STORE0008,3,261.0,12.34,770.66
2023-12-01,PROD0003,265,STORE0010,3,377.99,49.36,1084.61
2024-01-01,PROD0039,106,STORE0001,1,334.91,14.21,320.7
2024-02-01,PROD0033,59,STORE0009,6,223.86,2.98,1340.18
2024-03-01,PROD0038,173,STORE0010,4,97.14,27.91,360.65
2024-04-01,PROD0046,155,STORE0003,5,385.78,18.76,1910.14
2024-05-01,PROD0003,102,STORE0005,3,143.09,32.72,396.55
2024-06-01,PROD0024,104,STORE0006,8,44.4,45.95,309.25
2024-07-01,PROD0050,63,STORE0010,8,200.05,1.12,1599.28
2024-08-01,PROD0037,43,STORE0003,2,237.44,41.57,433.31
2024-09-01,PROD0007,270,STORE0006,2,435.76,41.67,829.85
2024-10-01,PROD0039,136,STORE0003,7,108.86,10.05,751.97
2024-11-01,PROD0009,174,STORE0002,4,170.97,9.89,673.99
2024-12-01,PROD0040,271,STORE0001,9,100.95,44.16,864.39
2023-01-01,PROD0008,184,STORE0005,5,273.09,42.09,1323.36
2023-02-01,PROD0044,286,STORE0003,7,498.41,32.69,3456.18
2023-03-01,PROD0020,274,STORE0009,7,181.84,35.66,1237.22
2023-04-01,PROD0033,124,STORE0005,7,408.8,20.29,2841.31
2023-05-01,PROD0005,197,STORE0008,9,46.2,25.04,390.76
2023-06-01,PROD0033,139,STORE0009,9,315.62,13.79,2826.79
2023-07-01,PROD0011,191,STORE0001,3,187.39,37.2,524.97
2023-08-01,PROD0026,284,STORE0008,6,435.84,17.26,2597.78
2023-09-01,PROD0028,219,STORE0009,6,264.27,46.77,1538.85
2023-10-01,PROD0010,19,STORE0009,5,132.63,33.88,629.27
2023-11-01,PROD0004,50,STORE0008,9,275.55,7.61,2472.34
2023-12-01,PROD0040,195,STORE0001,3,72.61,3.27,214.56
2024-01-01,PROD0033,265,STORE0001,5,321.93,17.02,1592.63
2024-02-01,PROD0038,235,STORE0003,7,456.08,19.96,3172.6
2024-03-01,PROD0019,183,STORE0002,8,94.51,48.33,707.75
2024-04-01,PROD0021,174,STORE0003,2,100.62,6.91,194.33
2024-05-01,PROD0031,1,STORE0005,6,388.48,23.16,2307.72
2024-06-01,PROD0019,244,STORE0009,2,333.1,12.66,653.54
2024-07-01,PROD0012,147,STORE0005,3,40.09,5.29,114.98
2024-08-01,PROD0015,62,STORE0008,7,343.1,5.53,2396.17
2024-09-01,PROD0029,229,STORE0004,6,492.16,0.87,2952.09
2024-10-01,PROD0006,215,STORE0003,2,425.41,27.94,822.88
2024-11-01,PROD0016,207,STORE0008,4,214.44,43.95,813.81
2024-12-01,PROD0041,38,STORE0009,6,141.6,23.07,826.53
2023-01-01,PROD0030,24,STORE0006,6,330.5,14.17,1968.83
2023-02-01,PROD0010,20,STORE0003,3,294.87,35.26,849.35
2023-03-01,PROD0036,271,STORE0009,6,337.57,15.21,2010.21
2023-04-01,PROD0047,141,STORE0008,1,389.24,45.59,343.65
2023-05-01,PROD0021,277,STORE0008,3,23.12,20.02,49.34
2023-06-01,PROD0031,161,STORE0003,9,254.29,47.5,2241.11
2023-07-01,PROD0034,178,STORE0001,7,481.0,37.51,3329.49
2023-08-01,PROD0019,54,STORE0001,8,395.66,44.43,3120.85
2023-09-01,PROD0031,13,STORE0007,9,330.45,35.93,2938.12
2023-10-01,PROD0030,151,STORE0007,8,178.4,27.51,1399.69
2023-11-01,PROD0043,51,STORE0006,9,97.74,2.93,876.73
2023-12-01,PROD0007,30,STORE0006,2,486.63,21.56,951.7
2024-01-01,PROD0003,196,STORE0004,4,168.67,15.96,658.72
2024-02-01,PROD0013,81,STORE0009,4,292.29,12.61,1156.55
2024-03-01,PROD0030,298,STORE0008,2,333.48,1.32,665.64
2024-04-01,PROD0011,149,STORE0003,6,24.17,39.0,106.02
2024-05-01,PROD0030,174,STORE0002,7,446.85,42.15,3085.8
2024-06-01,PROD0018,103,STORE0006,2,54.2,12.37,96.03
2024-07-01,PROD0018,290,STORE0005,4,215.88,4.01,859.51
2024-08-01,PROD0039,140,STORE0002,8,294.86,2.33,2356.55
2024-09-01,PROD0014,296,STORE0001,1,171.15,42.74,128.41
2024-10-01,PROD0001,71,STORE0004,5,275.91,27.1,1352.45
2024-11-01,PROD0035,236,STORE0001,5,324.99,13.6,1611.35
2024-12-01,PROD0042,168,STORE0003,9,482.68,5.99,4338.13
2023-01-01,PROD0010,30,STORE0006,1,102.5,18.98,83.52
2023-02-01,PROD0036,20,STORE0006,5,419.7,33.29,2065.21
2023-03-01,PROD0033,208,STORE0004,7,136.02,36.01,916.13
2023-04-01,PROD0031,77,STORE0004,7,462.35,11.89,3224.56
2023-05-01,PROD0004,23,STORE0005,6,482.09,42.96,2849.58
2023-06-01,PROD0022,132,STORE0003,8,230.99,19.6,1828.32
2023-07-01,PROD0021,15,STORE0010,5,496.77,8.34,2475.51
2023-08-01,PROD0001,120,STORE0001,7,415.07,20.24,2885.25
2023-09-01,PROD0020,221,STORE0005,8,291.79,49.95,2284.37
2023-10-01,PROD0039,245,STORE0008,5,415.31,44.95,2031.6
2023-11-01,PROD0050,156,STORE0006,7,363.1,31.97,2509.73
2023-12-01,PROD0040,14,STORE0006,3,153.82,2.73,458.73
2024-01-01,PROD0045,97,STORE0007,9,461.77,24.53,4131.4
2024-02-01,PROD0032,249,STORE0003,8,376.24,16.98,2992.94
2024-03-01,PROD0013,242,STORE0010,1,478.63,35.11,443.52
2024-04-01,PROD0029,244,STORE0003,9,102.17,41.06,878.47
2024-05-01,PROD0050,272,STORE0010,3,138.77,24.44,391.87
2024-06-01,PROD0031,272,STORE0005,4,230.46,43.37,878.47
2024-07-01,PROD0042,176,STORE0004,9,402.63,37.85,3585.82
2024-08-01,PROD0013,269,STORE0006,6,239.62,27.77,1409.95
2024-09-01,PROD0006,124,STORE0007,6,42.04,46.84,205.4
2024-10-01,PROD0009,46,STORE0001,8,188.52,26.27,1481.89
2024-11-01,PROD0038,110,STORE0008,5,456.19,19.46,2261.49
2024-12-01,PROD0011,215,STORE0003,2,432.69,28.89,836.49
2023-01-01,PROD0049,287,STORE0003,8,164.79,15.23,1303.09
2023-02-01,PROD0033,258,STORE0001,3,392.76,4.18,1174.1
2023-03-01,PROD0043,237,STORE0007,6,378.72,27.08,2245.24
2023-04-01,PROD0002,91,STORE0006,7,348.48,1.23,2438.13
2023-05-01,PROD0018,210,STORE0006,2,318.25,46.73,589.77
2023-06-01,PROD0022,216,STORE0008,4,244.37,49.44,928.04
2023-07-01,PROD0044,175,STORE0004,2,181.78,35.02,328.54
2023-08-01,PROD0047,206,STORE0008,5,168.37,20.06,821.79
2023-09-01,PROD0024,223,STORE0001,9,147.39,20.72,1305.79
2023-10-01,PROD0022,47,STORE0001,8,136.53,40.04,1052.2
2023-11-01,PROD0044,22,STORE0003,2,262.23,14.5,509.96
2023-12-01,PROD0041,280,STORE0003,3,436.44,16.38,1292.94
2024-01-01,PROD0012,186,STORE0008,6,423.53,43.03,2498.15
2024-02-01,PROD0007,293,STORE0002,7,453.1,25.19,3146.51
2024-03-01,PROD0050,182,STORE0009,1,227.06,17.17,209.89
2024-04-01,PROD0029,159,STORE0009,8,115.49,8.25,915.67
2024-05-01,PROD0004,40,STORE0001,4,468.6,5.89,1868.51
2024-06-01,PROD0049,220,STORE0006,2,236.92,22.34,451.5
2024-07-01,PROD0018,230,STORE0006,7,379.97,12.89,2646.9
2024-08-01,PROD0035,21,STORE0006,3,302.84,43.26,865.26
2024-09-01,PROD0043,15,STORE0002,5,191.71,12.47,946.08
2024-10-01,PROD0029,16,STORE0002,9,81.55,41.12,692.83
2024-11-01,PROD0031,106,STORE0002,6,267.65,24.34,1581.56
2024-12-01,PROD0047,166,STORE0001,9,172.48,8.35,1543.97
2023-01-01,PROD0044,112,STORE0007,3,296.37,49.14,839.97
2023-02-01,PROD0027,10,STORE0001,7,65.82,46.05,414.69
2023-03-01,PROD0039,152,STORE0008,4,404.51,20.04,1598.0
2023-04-01,PROD0027,261,STORE0003,5,69.81,31.41,317.64
2023-05-01,PROD0021,29,STORE0004,5,190.2,42.92,908.08
2023-06-01,PROD0016,275,STORE0007,6,56.22,20.89,316.43
2023-07-01,PROD0021,71,STORE0002,1,24.6,46.0,-21.4
2023-08-01,PROD0012,257,STORE0006,2,474.67,11.83,937.51
2023-09-01,PROD0039,13,STORE0007,7,237.98,29.07,1636.79
2023-10-01,PROD0049,265,STORE0009,7,427.07,14.8,2974.69
2023-11-01,PROD0009,245,STORE0009,8,290.49,41.17,2282.75
2023-12-01,PROD0030,36,STORE0008,8,124.64,49.4,947.72
2024-01-01,PROD0034,300,STORE0006,6,135.56,40.56,772.8
2024-02-01,PROD0009,258,STORE0005,4,35.12,1.7,138.78
2024-03-01,PROD0023,169,STORE0005,9,337.67,35.28,3003.75
2024-04-01,PROD0027,120,STORE0005,5,47.91,13.4,226.15
2024-05-01,PROD0049,240,STORE0003,9,370.36,16.99,3316.25
2024-06-01,PROD0026,149,STORE0007,2,477.72,11.5,943.94
2024-07-01,PROD0026,275,STORE0004,7,402.65,4.48,2814.07
2024-08-01,PROD0007,41,STORE0006,1,134.85,42.27,92.58
2024-09-01,PROD0017,212,STORE0002,4,377.14,18.78,1489.78
2024-10-01,PROD0017,115,STORE0004,1,117.39,42.64,74.75
2024-11-01,PROD0023,122,STORE0008,8,223.05,9.31,1775.09
2024-12-01,PROD0002,261,STORE0004,9,329.59,26.0,2940.31
2023-01-01,PROD0022,50,STORE0006,8,105.29,47.27,795.05
2023-02-01,PROD0016,153,STORE0010,8,390.55,24.72,3099.68
2023-03-01,PROD0040,90,STORE0001,5,490.13,8.7,2441.95
2023-04-01,PROD0026,160,STORE0007,2,352.93,23.78,682.08
2023-05-01,PROD0001,100,STORE0010,2,116.31,8.43,224.19
2023-06-01,PROD0020,195,STORE0003,9,293.56,47.74,2594.3
2023-07-01,PROD0043,266,STORE0010,7,137.91,49.97,915.4
2023-08-01,PROD0010,215,STORE0003,1,109.78,26.6,83.18
2023-09-01,PROD0028,225,STORE0008,8,58.49,39.97,427.95
2023-10-01,PROD0019,8,STORE0001,2,226.97,16.64,437.3
2023-11-01,PROD0021,208,STORE0006,2,351.32,33.08,669.56
2023-12-01,PROD0023,35,STORE0004,1,97.58,5.9,91.68
2024-01-01,PROD0049,263,STORE0010,6,197.54,42.0,1143.24
2024-02-01,PROD0014,221,STORE0005,4,154.54,0.48,617.68
2024-03-01,PROD0041,94,STORE0002,9,157.38,20.82,1395.6
2024-04-01,PROD0018,150,STORE0002,6,419.8,11.95,2506.85
2024-05-01,PROD0019,114,STORE0006,2,60.55,0.13,120.97
2024-06-01,PROD0013,78,STORE0004,1,358.94,19.06,339.88
2024-07-01,PROD0022,73,STORE0010,8,379.86,17.63,3021.25
2024-08-01,PROD0029,245,STORE0009,6,386.65,3.4,2316.5
2024-09-01,PROD0025,60,STORE0010,7,477.63,16.5,3326.91
2024-10-01,PROD0008,135,STORE0009,3,240.67,40.72,681.29
2024-11-01,PROD0029,166,STORE0001,7,138.59,48.31,921.82
2024-12-01,PROD0050,273,STORE0006,5,299.72,25.08,1473.52
2023-01-01,PROD0020,193,STORE0005,8,468.59,47.33,3701.39
2023-02-01,PROD0012,250,STORE0006,3,246.14,7.1,731.32
2023-03-01,PROD0032,119,STORE0008,5,70.34,35.39,316.31
2023-04-01,PROD0020,283,STORE0009,6,432.77,31.86,2564.76
2023-05-01,PROD0028,14,STORE0010,6,62.18,5.5,367.58
2023-06-01,PROD0009,178,STORE0008,4,268.03,35.01,1037.11
2023-07-01,PROD0019,147,STORE0007,8,100.02,31.79,768.37
2023-08-01,PROD0050,198,STORE0009,4,353.56,36.18,1378.06
2023-09-01,PROD0037,32,STORE0010,5,118.49,33.91,558.54
2023-10-01,PROD0039,238,STORE0006,4,349.74,33.27,1365.69
2023-11-01,PROD0011,213,STORE0004,6,66.39,6.69,391.65
2023-12-01,PROD0026,273,STORE0002,4,363.57,4.17,1450.11
2024-01-01,PROD0009,158,STORE0010,7,36.77,32.45,224.94
2024-02-01,PROD0042,251,STORE0001,9,356.07,0.15,3204.48
2024-03-01,PROD0004,178,STORE0009,6,474.67,25.91,2822.11
2024-04-01,PROD0027,250,STORE0003,9,436.97,27.1,3905.63
2024-05-01,PROD0046,102,STORE0003,8,87.03,19.84,676.4
2024-06-01,PROD0026,118,STORE0006,4,240.69,21.17,941.59
2024-07-01,PROD0020,2,STORE0004,5,138.72,2.88,690.72
2024-08-01,PROD0029,294,STORE0005,5,116.77,32.27,551.58
2024-09-01,PROD0038,186,STORE0010,2,232.03,9.23,454.83
2024-10-01,PROD0026,98,STORE0008,3,303.2,46.89,862.71
2024-11-01,PROD0023,245,STORE0009,6,368.16,7.39,2201.57
2024-12-01,PROD0046,125,STORE0009,7,247.36,38.52,1693.0
2023-01-01,PROD0004,52,STORE0009,3,251.08,1.25,751.99
2023-02-01,PROD0041,161,STORE0010,1,478.9,8.79,470.11
2023-03-01,PROD0040,270,STORE0005,1,63.46,32.3,31.16
2023-04-01,PROD0047,149,STORE0007,7,448.33,35.07,3103.24
2023-05-01,PROD0001,159,STORE0002,9,43.98,26.44,369.38
2023-06-01,PROD0003,277,STORE0010,9,454.05,38.91,4047.54
2023-07-01,PROD0028,23,STORE0005,4,460.69,37.71,1805.05
2023-08-01,PROD0010,83,STORE0004,8,173.81,17.36,1373.12
2023-09-01,PROD0049,238,STORE0005,4,304.8,46.96,1172.24
2023-10-01,PROD0050,51,STORE0001,7,270.21,47.82,1843.65
2023-11-01,PROD0044,184,STORE0007,8,65.98,20.33,507.51
2023-12-01,PROD0048,252,STORE0008,9,62.38,29.29,532.13
2024-01-01,PROD0023,26,STORE0001,3,468.02,19.24,1384.82
2024-02-01,PROD0035,213,STORE0009,6,245.75,38.92,1435.58
2024-03-01,PROD0019,259,STORE0001,1,292.89,34.76,258.13
2024-04-01,PROD0047,244,STORE0001,8,121.07,47.89,920.67
2024-05-01,PROD0016,184,STORE0002,5,437.58,33.32,2154.58
2024-06-01,PROD0016,50,STORE0006,7,228.33,22.4,1575.91
2024-07-01,PROD0023,200,STORE0004,6,379.68,19.52,2258.56
2024-08-01,PROD0044,217,STORE0002,5,239.32,45.72,1150.88
2024-09-01,PROD0019,31,STORE0002,9,353.31,0.99,3178.8
2024-10-01,PROD0013,12,STORE0009,8,441.53,43.34,3488.9
2024-11-01,PROD0010,290,STORE0003,2,59.96,15.46,104.46
2024-12-01,PROD0001,221,STORE0010,8,498.73,42.94,3946.9
2023-01-01,PROD0011,83,STORE0004,6,248.33,7.89,1482.09
2023-02-01,PROD0047,244,STORE0004,2,310.51,3.1,617.92
2023-03-01,PROD0049,279,STORE0006,5,452.61,10.7,2252.35
2023-04-01,PROD0004,217,STORE0009,2,378.81,3.69,753.93
2023-05-01,PROD0003,113,STORE0003,9,31.75,24.03,261.72
2023-06-01,PROD0042,39,STORE0003,5,375.92,41.88,1837.72
2023-07-01,PROD0029,126,STORE0006,1,216.83,31.81,185.02
2023-08-01,PROD0043,16,STORE0010,9,73.37,33.56,626.77
2023-09-01,PROD0036,228,STORE0010,1,483.42,23.02,460.4
2023-10-01,PROD0016,26,STORE0007,9,88.37,25.85,769.48
2023-11-01,PROD0040,248,STORE0010,9,444.37,25.01,3974.32
2023-12-01,PROD0005,103,STORE0003,9,499.28,39.99,4453.53
2024-01-01,PROD0010,27,STORE0009,2,78.76,0.47,157.05
2024-02-01,PROD0047,170,STORE0010,1,229.09,28.27,200.82
2024-03-01,PROD0036,81,STORE0005,7,104.13,38.5,690.41
2024-04-01,PROD0008,139,STORE0004,8,184.9,15.13,1464.07
2024-05-01,PROD0031,71,STORE0005,4,77.61,28.39,282.05
2024-06-01,PROD0018,168,STORE0009,6,159.03,20.06,934.12
2024-07-01,PROD0023,149,STORE0003,8,46.67,41.99,331.37
2024-08-01,PROD0033,194,STORE0003,9,425.35,26.46,3801.69
2024-09-01,PROD0021,191,STORE0005,9,294.54,27.6,2623.26
2024-10-01,PROD0020,245,STORE0009,5,469.75,3.61,2345.14
2024-11-01,PROD0012,92,STORE0007,1,385.72,7.23,378.49
2024-12-01,PROD0045,86,STORE0010,2,164.15,43.27,285.03
2023-01-01,PROD0018,70,STORE0005,5,319.98,20.69,1579.21
2023-02-01,PROD0009,170,STORE0005,9,481.64,28.42,4306.34
2023-03-01,PROD0045,231,STORE0003,3,276.5,1.1,828.4
2023-04-01,PROD0017,161,STORE0008,6,284.94,16.8,1692.84
2023-05-01,PROD0045,273,STORE0004,4,230.11,4.17,916.27
2023-06-01,PROD0032,271,STORE0007,9,368.09,6.61,3306.2
2023-07-01,PROD0001,107,STORE0009,2,336.62,15.63,657.61
2023-08-01,PROD0046,35,STORE0006,9,413.26,44.9,3674.44
2023-09-01,PROD0034,220,STORE0009,3,199.79,49.34,550.03
2023-10-01,PROD0018,249,STORE0009,6,179.93,29.52,1050.06
2023-11-01,PROD0003,14,STORE0001,2,95.53,15.25,175.81
2023-12-01,PROD0044,126,STORE0008,7,360.46,7.82,2515.4
2024-01-01,PROD0010,78,STORE0001,6,119.48,47.3,669.58
2024-02-01,PROD0045,5,STORE0005,6,148.04,47.91,840.33
2024-03-01,PROD0014,133,STORE0007,3,221.43,23.81,640.48
2024-04-01,PROD0028,144,STORE0001,8,88.1,14.95,689.85
2024-05-01,PROD0042,300,STORE0009,3,287.89,0.91,862.76
2024-06-01,PROD0018,271,STORE0009,4,246.85,3.57,983.83
2024-07-01,PROD0008,142,STORE0001,4,106.08,2.16,422.16
2024-08-01,PROD0040,121,STORE0004,4,352.42,11.2,1398.48
2024-09-01,PROD0035,18,STORE0005,4,107.19,27.09,401.67
2024-10-01,PROD0022,258,STORE0008,8,69.39,41.76,513.36
2024-11-01,PROD0016,218,STORE0001,3,95.77,15.06,272.25
2024-12-01,PROD0050,229,STORE0001,3,248.65,34.6,711.35
2023-01-01,PROD0007,215,STORE0007,1,413.06,24.26,388.8
2023-02-01,PROD0050,234,STORE0008,6,343.03,14.78,2043.4
2023-03-01,PROD0009,273,STORE0010,9,118.6,20.68,1046.72
2023-04-01,PROD0035,89,STORE0002,2,415.09,37.33,792.85
2023-05-01,PROD0001,54,STORE0007,5,300.28,46.32,1455.08
2023-06-01,PROD0005,234,STORE0010,9,360.38,16.76,3226.66
2023-07-01,PROD0016,20,STORE0001,3,111.24,15.87,317.85
2023-08-01,PROD0002,287,STORE0003,8,494.86,38.61,3920.27
2023-09-01,PROD0013,286,STORE0009,7,131.5,28.26,892.24
2023-10-01,PROD0023,173,STORE0007,8,72.66,39.94,541.34
2023-11-01,PROD0038,108,STORE0010,4,152.58,30.06,580.26
2023-12-01,PROD0029,27,STORE0005,1,370.3,47.7,322.6
2024-01-01,PROD0008,72,STORE0006,5,333.51,5.29,1662.26
2024-02-01,PROD0042,287,STORE0010,1,165.88,6.53,159.35
2024-03-01,PROD0038,166,STORE0007,7,158.56,13.31,1096.61
2024-04-01,PROD0020,222,STORE0006,3,377.16,4.36,1127.12
2024-05-01,PROD0022,108,STORE0001,8,157.67,8.46,1252.9
2024-06-01,PROD0025,84,STORE0002,7,400.97,49.14,2757.65
2024-07-01,PROD0025,109,STORE0003,2,319.65,38.93,600.37
2024-08-01,PROD0045,288,STORE0003,1,199.92,12.11,187.81
2024-09-01,PROD0049,87,STORE0007,8,65.68,19.94,505.5
2024-10-01,PROD0007,151,STORE0003,1,397.98,21.99,375.99
2024-11-01,PROD0023,221,STORE0007,7,166.62,7.1,1159.24
2024-12-01,PROD0031,193,STORE0006,1,149.91,5.66,144.25
2023-01-01,PROD0046,87,STORE0008,4,419.52,28.2,1649.88
2023-02-01,PROD0039,172,STORE0008,9,484.62,0.48,4361.1
2023-03-01,PROD0001,46,STORE0006,2,460.05,21.78,898.32
2023-04-01,PROD0023,228,STORE0005,4,458.09,26.6,1805.76
2023-05-01,PROD0046,44,STORE0010,7,343.36,19.2,2384.32
2023-06-01,PROD0029,290,STORE0004,8,163.64,35.34,1273.78
2023-07-01,PROD0016,254,STORE0001,2,473.21,47.42,899.0
2023-08-01,PROD0020,41,STORE0002,9,233.14,46.98,2051.28
2023-09-01,PROD0036,38,STORE0001,9,265.63,10.4,2380.27
2023-10-01,PROD0016,244,STORE0006,1,126.6,13.48,113.12
2023-11-01,PROD0031,10,STORE0003,2,465.47,34.37,896.57
2023-12-01,PROD0037,29,STORE0005,1,387.93,9.92,378.01
2024-01-01,PROD0024,76,STORE0009,2,205.62,35.32,375.92
2024-02-01,PROD0046,172,STORE0005,7,400.54,27.95,2775.83
2024-03-01,PROD0005,6,STORE0009,8,155.08,17.85,1222.79
2024-04-01,PROD0032,93,STORE0002,3,279.65,6.98,831.97
2024-05-01,PROD0032,5,STORE0004,6,247.63,21.13,1464.65
2024-06-01,PROD0003,13,STORE0008,8,160.39,10.99,1272.13
2024-07-01,PROD0023,147,STORE0002,4,471.43,14.18,1871.54
2024-08-01,PROD0038,252,STORE0004,7,98.73,22.24,668.87
2024-09-01,PROD0041,167,STORE0009,7,131.79,34.61,887.92
2024-10-01,PROD0031,213,STORE0005,3,38.57,40.87,74.84
2024-11-01,PROD0013,229,STORE0003,1,161.47,14.59,146.88
2024-12-01,PROD0004,109,STORE0005,7,288.37,41.85,1976.74
2023-01-01,PROD0042,229,STORE0001,1,483.58,32.23,451.35
2023-02-01,PROD0027,66,STORE0004,2,288.95,18.3,559.6
2023-03-01,PROD0042,217,STORE0006,6,205.37,3.13,1229.09
2023-04-01,PROD0038,290,STORE0001,7,164.82,4.0,1149.74
2023-05-01,PROD0022,60,STORE0005,3,226.76,21.08,659.2
2023-06-01,PROD0040,6,STORE0002,1,107.56,1.5,106.06
2023-07-01,PROD0037,209,STORE0006,8,190.54,38.48,1485.84
2023-08-01,PROD0016,196,STORE0003,1,191.31,3.84,187.47
2023-09-01,PROD0035,18,STORE0005,7,429.07,9.07,2994.42
2023-10-01,PROD0011,16,STORE0003,4,129.84,15.87,503.49
2023-11-01,PROD0042,188,STORE0007,6,178.46,8.31,1062.45
2023-12-01,PROD0042,167,STORE0010,1,193.49,16.22,177.27
2024-01-01,PROD0006,146,STORE0009,1,204.81,46.16,158.65
2024-02-01,PROD0014,18,STORE0003,8,329.73,17.39,2620.45
2024-03-01,PROD0032,272,STORE0004,5,75.31,31.67,344.88
2024-04-01,PROD0007,24,STORE0005,2,45.89,11.69,80.09
2024-05-01,PROD0016,24,STORE0002,2,486.46,35.9,937.02
2024-06-01,PROD0007,106,STORE0008,4,460.43,25.15,1816.57
2024-07-01,PROD0001,298,STORE0009,2,233.31,29.43,437.19
2024-08-01,PROD0043,95,STORE0007,9,331.64,10.27,2974.49
2024-09-01,PROD0037,219,STORE0003,9,308.7,48.83,2729.47
2024-10-01,PROD0036,173,STORE0002,4,36.88,33.46,114.06
2024-11-01,PROD0036,191,STORE0002,4,81.16,19.79,304.85
2024-12-01,PROD0003,67,STORE0005,1,140.06,14.52,125.54
2023-01-01,PROD0017,66,STORE0005,6,403.06,1.59,2416.77
2023-02-01,PROD0026,25,STORE0007,3,73.53,16.34,204.25
2023-03-01,PROD0034,255,STORE0003,4,385.28,13.86,1527.26
2023-04-01,PROD0042,201,STORE0009,3,42.07,37.31,88.9
2023-05-01,PROD0042,8,STORE0005,5,259.15,44.52,1251.23
2023-06-01,PROD0043,213,STORE0006,2,476.05,38.82,913.28
2023-07-01,PROD0025,261,STORE0005,9,373.89,30.32,3334.69
2023-08-01,PROD0045,250,STORE0002,3,477.52,8.22,1424.34
2023-09-01,PROD0037,228,STORE0010,1,301.73,29.47,272.26
2023-10-01,PROD0040,98,STORE0008,1,124.62,44.63,79.99
2023-11-01,PROD0020,17,STORE0004,2,142.48,46.54,238.42
2023-12-01,PROD0012,216,STORE0005,1,239.69,33.69,206.0
2024-01-01,PROD0023,290,STORE0003,7,44.31,45.11,265.06
2024-02-01,PROD0048,107,STORE0005,4,424.47,34.62,1663.26
2024-03-01,PROD0002,211,STORE0007,3,236.51,33.78,675.75
2024-04-01,PROD0013,199,STORE0009,7,49.19,32.05,312.28
2024-05-01,PROD0028,260,STORE0006,5,406.6,6.65,2026.35
2024-06-01,PROD0042,264,STORE0010,2,267.74,37.95,497.53
2024-07-01,PROD0048,265,STORE0004,3,403.01,37.31,1171.72
2024-08-01,PROD0007,268,STORE0008,8,250.84,14.26,1992.46
2024-09-01,PROD0049,190,STORE0004,1,313.47,15.49,297.98
2024-10-01,PROD0010,45,STORE0002,2,424.61,36.18,813.04
2024-11-01,PROD0039,169,STORE0004,9,374.64,4.39,3367.37
2024-12-01,PROD0044,123,STORE0001,6,356.57,25.56,2113.86
2023-01-01,PROD0034,262,STORE0002,7,335.68,13.88,2335.88
2023-02-01,PROD0024,273,STORE0002,6,160.16,0.11,960.85
2023-03-01,PROD0037,131,STORE0009,5,287.09,5.64,1429.81
2023-04-01,PROD0012,291,STORE0008,2,308.46,49.34,567.58
2023-05-01,PROD0009,177,STORE0004,4,162.18,41.55,607.17
2023-06-01,PROD0048,239,STORE0007,7,117.77,1.99,822.4
2023-07-01,PROD0018,235,STORE0008,2,58.37,1.44,115.3
2023-08-01,PROD0008,190,STORE0005,2,32.42,17.11,47.73
2023-09-01,PROD0030,27,STORE0008,5,476.86,0.58,2383.72
2023-10-01,PROD0049,78,STORE0005,9,220.19,17.64,1964.07
2023-11-01,PROD0047,295,STORE0003,2,403.12,20.73,785.51
2023-12-01,PROD0023,6,STORE0010,3,148.89,3.01,443.66
2024-01-01,PROD0019,213,STORE0008,5,465.35,2.44,2324.31
2024-02-01,PROD0004,176,STORE0009,5,55.45,2.75,274.5
2024-03-01,PROD0019,9,STORE0002,3,105.86,20.26,297.32
2024-04-01,PROD0044,292,STORE0009,4,375.66,25.5,1477.14
2024-05-01,PROD0050,140,STORE0010,5,304.13,0.31,1520.34
2024-06-01,PROD0006,296,STORE0001,6,138.97,25.33,808.49
2024-07-01,PROD0042,5,STORE0002,7,134.77,34.61,908.78
2024-08-01,PROD0037,187,STORE0001,4,299.97,9.2,1190.68
2024-09-01,PROD0043,176,STORE0003,8,424.09,8.28,3384.44
2024-10-01,PROD0033,120,STORE0005,5,473.51,37.96,2329.59
2024-11-01,PROD0004,220,STORE0008,2,217.0,42.13,391.87
2024-12-01,PROD0015,167,STORE0005,1,107.71,1.12,106.59
2023-01-01,PROD0004,87,STORE0003,3,174.28,46.46,476.38
2023-02-01,PROD0031,187,STORE0009,4,444.88,10.61,1768.91
2023-03-01,PROD0024,165,STORE0010,6,288.17,20.22,1708.8
2023-04-01,PROD0016,264,STORE0009,2,421.09,12.26,829.92
2023-05-01,PROD0020,63,STORE0002,8,105.75,6.34,839.66
2023-06-01,PROD0031,195,STORE0009,2,494.5,8.82,980.18
2023-07-01,PROD0041,217,STORE0007,6,378.87,45.89,2227.33
2023-08-01,PROD0006,239,STORE0008,3,202.61,12.34,595.49
2023-09-01,PROD0046,175,STORE0006,2,283.53,3.85,563.21
2023-10-01,PROD0016,147,STORE0010,2,192.28,7.66,376.9
2023-11-01,PROD0013,266,STORE0004,4,270.44,37.49,1044.27
2023-12-01,PROD0040,144,STORE0003,6,173.98,13.03,1030.85
2024-01-01,PROD0020,128,STORE0005,4,322.74,8.98,1281.98
2024-02-01,PROD0022,80,STORE0001,9,372.2,18.64,3331.16
2024-03-01,PROD0016,192,STORE0006,2,492.38,4.24,980.52
2024-04-01,PROD0041,284,STORE0009,7,323.11,47.49,2214.28
2024-05-01,PROD0020,117,STORE0003,5,32.24,40.67,120.53
2024-06-01,PROD0016,91,STORE0005,3,461.53,25.94,1358.65
2024-07-01,PROD0047,65,STORE0001,8,330.36,44.61,2598.27
2024-08-01,PROD0017,20,STORE0001,7,39.18,18.81,255.45
2024-09-01,PROD0015,166,STORE0007,2,67.0,31.95,102.05
2024-10-01,PROD0049,260,STORE0002,7,288.42,39.55,1979.39
2024-11-01,PROD0047,287,STORE0005,2,448.82,22.19,875.45
2024-12-01,PROD0009,125,STORE0003,9,293.69,13.36,2629.85
2023-01-01,PROD0030,105,STORE0006,5,104.01,15.42,504.63
2023-02-01,PROD0042,282,STORE0001,9,181.96,1.1,1636.54
2023-03-01,PROD0001,169,STORE0007,6,52.5,22.46,292.54
2023-04-01,PROD0035,281,STORE0008,4,193.12,12.43,760.05
2023-05-01,PROD0049,86,STORE0005,7,336.62,11.02,2345.32
2023-06-01,PROD0024,151,STORE0009,9,221.32,16.5,1975.38
2023-07-01,PROD0036,78,STORE0010,6,230.37,47.26,1334.96
2023-08-01,PROD0025,111,STORE0010,7,102.45,21.56,695.59
2023-09-01,PROD0002,103,STORE0003,7,360.36,28.06,2494.46
2023-10-01,PROD0034,52,STORE0008,8,347.53,40.0,2740.24
2023-11-01,PROD0042,209,STORE0003,7,21.09,7.28,140.35
2023-12-01,PROD0023,77,STORE0008,6,473.07,16.51,2821.91
2024-01-01,PROD0012,112,STORE0007,6,368.3,31.49,2178.31
2024-02-01,PROD0043,47,STORE0007,1,408.54,16.04,392.5
2024-03-01,PROD0030,223,STORE0004,8,121.82,46.36,928.2
2024-04-01,PROD0010,196,STORE0004,7,485.1,22.27,3373.43
2024-05-01,PROD0040,216,STORE0005,1,466.0,8.14,457.86
2024-06-01,PROD0015,98,STORE0005,6,225.08,30.95,1319.53
2024-07-01,PROD0003,190,STORE0002,8,103.11,18.53,806.35
2024-08-01,PROD0023,149,STORE0008,6,271.07,26.94,1599.48
2024-09-01,PROD0031,111,STORE0001,2,256.36,14.44,498.28
2024-10-01,PROD0005,149,STORE0004,6,158.55,21.69,929.61
2024-11-01,PROD0005,265,STORE0010,2,135.95,11.8,260.1
2024-12-01,PROD0041,241,STORE0005,8,32.21,41.57,216.11
2023-01-01,PROD0026,146,STORE0009,7,236.97,49.27,1609.52
2023-02-01,PROD0014,91,STORE0006,7,438.03,32.04,3034.17
2023-03-01,PROD0038,26,STORE0010,4,39.0,29.45,126.55
2023-04-01,PROD0032,298,STORE0002,2,86.91,31.96,141.86
2023-05-01,PROD0044,222,STORE0005,9,474.23,13.19,4254.88
2023-06-01,PROD0016,110,STORE0003,5,134.54,10.13,662.57
2023-07-01,PROD0029,112,STORE0005,1,58.28,34.07,24.21
2023-08-01,PROD0027,179,STORE0001,1,110.97,16.21,94.76
2023-09-01,PROD0040,86,STORE0007,4,334.33,46.05,1291.27
2023-10-01,PROD0026,185,STORE0003,3,350.32,4.7,1046.26
2023-11-01,PROD0032,102,STORE0001,3,472.73,46.02,1372.17
2023-12-01,PROD0043,154,STORE0008,8,454.73,1.69,3636.15
2024-01-01,PROD0009,264,STORE0006,6,27.02,47.69,114.43
2024-02-01,PROD0045,12,STORE0002,6,317.46,15.95,1888.81
2024-03-01,PROD0010,78,STORE0007,9,478.61,6.55,4300.94
2024-04-01,PROD0043,12,STORE0001,3,485.88,2.38,1455.26
2024-05-01,PROD0045,210,STORE0007,3,151.18,47.61,405.93
2024-06-01,PROD0044,257,STORE0009,3,305.25,5.86,909.89
2024-07-01,PROD0006,35,STORE0007,9,77.13,46.77,647.4
2024-08-01,PROD0041,128,STORE0003,5,104.13,6.81,513.84
2024-09-01,PROD0046,46,STORE0007,7,321.19,42.41,2205.92
2024-10-01,PROD0049,134,STORE0008,9,79.54,12.33,703.53
2024-11-01,PROD0049,44,STORE0004,7,373.14,47.28,2564.7
2024-12-01,PROD0046,236,STORE0008,1,140.63,16.2,124.43
2023-01-01,PROD0036,3,STORE0010,6,235.54,46.97,1366.27
2023-02-01,PROD0010,72,STORE0005,1,296.67,46.18,250.49
2023-03-01,PROD0008,132,STORE0003,6,390.66,46.32,2297.64
2023-04-01,PROD0028,65,STORE0008,6,208.97,16.5,1237.32
2023-05-01,PROD0021,121,STORE0001,2,178.76,48.06,309.46
2023-06-01,PROD0001,27,STORE0010,2,379.95,38.72,721.18
2023-07-01,PROD0026,23,STORE0003,9,88.87,41.96,757.87
2023-08-01,PROD0034,260,STORE0005,8,121.08,28.03,940.61
2023-09-01,PROD0026,171,STORE0010,5,239.18,47.47,1148.43
2023-10-01,PROD0023,178,STORE0007,6,236.67,30.64,1389.38
2023-11-01,PROD0033,111,STORE0001,3,385.17,46.51,1109.0
2023-12-01,PROD0038,2,STORE0005,2,320.06,14.55,625.57
2024-01-01,PROD0011,208,STORE0002,2,470.83,42.67,898.99
2024-02-01,PROD0031,101,STORE0006,3,300.85,16.61,885.94
2024-03-01,PROD0010,62,STORE0006,8,488.98,39.85,3871.99
2024-04-01,PROD0025,170,STORE0008,6,462.36,35.92,2738.24
2024-05-01,PROD0041,199,STORE0003,6,487.58,46.1,2879.38
2024-06-01,PROD0010,2,STORE0009,4,271.35,3.76,1081.64
2024-07-01,PROD0019,211,STORE0004,1,393.11,19.51,373.6
2024-08-01,PROD0032,274,STORE0008,4,488.18,46.1,1906.62
2024-09-01,PROD0045,133,STORE0001,3,318.15,32.94,921.51
2024-10-01,PROD0031,134,STORE0010,8,36.26,41.86,248.22
2024-11-01,PROD0024,173,STORE0001,2,253.98,4.55,503.41
2024-12-01,PROD0015,260,STORE0002,3,407.83,32.71,1190.78
2023-01-01,PROD0010,19,STORE0010,3,262.55,15.43,772.22
2023-02-01,PROD0033,126,STORE0010,9,410.44,6.04,3687.92
2023-03-01,PROD0049,76,STORE0006,9,363.1,15.41,3252.49
2023-04-01,PROD0039,193,STORE0003,6,400.56,47.0,2356.36
2023-05-01,PROD0041,282,STORE0008,4,418.54,19.26,1654.9
2023-06-01,PROD0035,54,STORE0001,9,385.43,36.38,3432.49
2023-07-01,PROD0023,187,STORE0008,6,189.27,24.04,1111.58
2023-08-01,PROD0021,136,STORE0005,1,444.32,12.64,431.68
2023-09-01,PROD0044,134,STORE0010,2,411.19,43.27,779.11
2023-10-01,PROD0022,268,STORE0005,5,205.76,29.92,998.88
2023-11-01,PROD0024,154,STORE0005,6,345.41,33.86,2038.6
2023-12-01,PROD0029,87,STORE0001,7,132.4,17.49,909.31
2024-01-01,PROD0017,160,STORE0008,6,173.55,15.21,1026.09
2024-02-01,PROD0017,125,STORE0008,1,183.82,7.38,176.44
2024-03-01,PROD0018,170,STORE0006,5,485.83,35.35,2393.8
2024-04-01,PROD0016,164,STORE0004,6,487.7,15.58,2910.62
2024-05-01,PROD0022,214,STORE0004,7,479.37,11.67,3343.92
2024-06-01,PROD0025,164,STORE0009,9,415.33,9.65,3728.32
2024-07-01,PROD0016,198,STORE0008,5,458.34,16.31,2275.39
2024-08-01,PROD0006,196,STORE0001,8,76.05,33.97,574.43
2024-09-01,PROD0018,128,STORE0008,6,483.15,1.09,2897.81
2024-10-01,PROD0012,120,STORE0001,3,28.97,28.71,58.2
2024-11-01,PROD0043,71,STORE0008,8,283.41,41.59,2225.69
2024-12-01,PROD0042,39,STORE0001,2,104.08,22.88,185.28
2023-01-01,PROD0041,52,STORE0010,2,289.11,15.87,562.35
2023-02-01,PROD0026,251,STORE0001,8,192.46,36.85,1502.83
2023-03-01,PROD0012,36,STORE0009,2,107.96,38.8,177.12
2023-04-01,PROD0031,215,STORE0006,9,63.32,41.33,528.55
2023-05-01,PROD0013,172,STORE0001,1,153.41,17.95,135.46
2023-06-01,PROD0011,240,STORE0007,1,467.01,6.74,460.27
2023-07-01,PROD0043,148,STORE0004,8,348.72,37.48,2752.28
2023-08-01,PROD0013,159,STORE0005,1,376.01,20.1,355.91
2023-09-01,PROD0042,29,STORE0002,9,443.14,35.65,3952.61
2023-10-01,PROD0048,129,STORE0001,5,210.25,9.86,1041.39
2023-11-01,PROD0022,106,STORE0007,9,93.17,20.44,818.09
2023-12-01,PROD0037,47,STORE0004,8,73.64,44.45,544.67
2024-01-01,PROD0015,217,STORE0005,5,165.39,10.42,816.53
2024-02-01,PROD0029,245,STORE0002,2,44.44,3.12,85.76
2024-03-01,PROD0012,140,STORE0008,8,450.48,31.33,3572.51
2024-04-01,PROD0017,285,STORE0008,2,233.65,41.11,426.19
2024-05-01,PROD0049,285,STORE0001,7,209.51,17.9,1448.67
2024-06-01,PROD0007,72,STORE0007,1,283.08,0.22,282.86
2024-07-01,PROD0010,134,STORE0007,6,376.41,27.42,2231.04
2024-08-01,PROD0041,193,STORE0009,6,448.02,8.47,2679.65
2024-09-01,PROD0006,242,STORE0003,1,413.94,16.02,397.92
2024-10-01,PROD0048,39,STORE0006,2,299.92,12.92,586.92
2024-11-01,PROD0018,129,STORE0009,4,380.05,48.15,1472.05
2024-12-01,PROD0031,133,STORE0009,7,459.57,32.29,3184.7
2023-01-01,PROD0011,164,STORE0001,4,154.73,36.23,582.69
2023-02-01,PROD0025,290,STORE0005,1,186.64,28.73,157.91
2023-03-01,PROD0004,132,STORE0005,7,405.59,32.74,2806.39
2023-04-01,PROD0033,201,STORE0003,8,24.9,39.22,159.98
2023-05-01,PROD0026,42,STORE0008,8,49.64,30.84,366.28
2023-06-01,PROD0028,236,STORE0009,8,70.01,15.62,544.46
2023-07-01,PROD0012,22,STORE0002,7,134.44,32.43,908.65
2023-08-01,PROD0031,83,STORE0005,4,437.95,43.95,1707.85
2023-09-01,PROD0019,264,STORE0004,6,335.24,6.93,2004.51
2023-10-01,PROD0041,152,STORE0010,9,227.43,4.3,2042.57
2023-11-01,PROD0037,255,STORE0005,7,262.0,8.59,1825.41
2023-12-01,PROD0029,250,STORE0003,4,177.93,31.79,679.93
2024-01-01,PROD0026,19,STORE0002,6,43.17,40.73,218.29
2024-02-01,PROD0038,74,STORE0004,4,469.85,12.76,1866.64
2024-03-01,PROD0029,66,STORE0010,7,346.26,42.34,2381.48
2024-04-01,PROD0049,209,STORE0007,4,173.02,38.38,653.7
2024-05-01,PROD0035,92,STORE0007,5,472.38,33.99,2327.91
2024-06-01,PROD0005,69,STORE0010,6,457.4,17.85,2726.55
2024-07-01,PROD0034,292,STORE0006,7,344.19,46.19,2363.14
2024-08-01,PROD0037,174,STORE0004,9,22.29,23.86,176.75
2024-09-01,PROD0013,221,STORE0006,3,452.43,35.96,1321.33
2024-10-01,PROD0037,38,STORE0007,8,99.77,22.27,775.89
2024-11-01,PROD0046,239,STORE0003,7,83.62,30.88,554.46
2024-12-01,PROD0042,237,STORE0009,2,316.94,21.86,612.02
2023-01-01,PROD0015,189,STORE0007,2,289.15,34.53,543.77
2023-02-01,PROD0011,262,STORE0001,9,356.28,24.8,3181.72
2023-03-01,PROD0034,190,STORE0007,1,464.32,17.19,447.13
2023-04-01,PROD0009,220,STORE0005,6,286.65,29.61,1690.29
2023-05-01,PROD0022,27,STORE0002,1,234.06,23.79,210.27
2023-06-01,PROD0043,260,STORE0006,5,439.27,3.39,2192.96
2023-07-01,PROD0015,271,STORE0002,1,94.5,0.73,93.77
2023-08-01,PROD0032,200,STORE0007,2,491.93,33.21,950.65
2023-09-01,PROD0018,227,STORE0006,8,411.0,49.4,3238.6
2023-10-01,PROD0003,4,STORE0006,4,114.82,21.09,438.19
2023-11-01,PROD0029,35,STORE0005,7,176.69,22.48,1214.35
2023-12-01,PROD0009,137,STORE0010,4,294.09,42.7,1133.66
2024-01-01,PROD0033,207,STORE0005,9,43.44,49.77,341.19
2024-02-01,PROD0021,91,STORE0006,3,169.74,24.66,484.56
2024-03-01,PROD0035,15,STORE0008,1,149.26,6.71,142.55
2024-04-01,PROD0038,212,STORE0005,1,209.63,36.18,173.45
2024-05-01,PROD0007,97,STORE0006,7,227.5,47.34,1545.16
2024-06-01,PROD0003,190,STORE0003,5,55.54,33.21,244.49
2024-07-01,PROD0037,246,STORE0001,7,378.58,10.07,2639.99
2024-08-01,PROD0017,104,STORE0003,6,361.29,31.2,2136.54
2024-09-01,PROD0002,250,STORE0001,4,398.18,43.85,1548.87
2024-10-01,PROD0041,113,STORE0007,4,387.02,41.26,1506.82
2024-11-01,PROD0008,92,STORE0001,6,129.83,48.15,730.83
2024-12-01,PROD0009,207,STORE0003,2,458.16,29.86,886.46
2023-01-01,PROD0010,165,STORE0007,5,176.63,6.28,876.87
2023-02-01,PROD0050,244,STORE0001,1,202.02,27.67,174.35
2023-03-01,PROD0034,6,STORE0006,8,124.46,16.01,979.67
2023-04-01,PROD0021,288,STORE0009,1,112.18,44.45,67.73
2023-05-01,PROD0044,273,STORE0008,6,142.74,18.93,837.51
2023-06-01,PROD0033,172,STORE0001,7,20.59,31.84,112.29
2023-07-01,PROD0023,224,STORE0001,7,287.1,44.05,1965.65
2023-08-01,PROD0018,43,STORE0007,5,310.7,42.22,1511.28
2023-09-01,PROD0003,192,STORE0006,4,327.22,8.85,1300.03
2023-10-01,PROD0015,276,STORE0003,1,71.78,8.32,63.46
2023-11-01,PROD0007,175,STORE0008,2,162.05,36.57,287.53
2023-12-01,PROD0001,26,STORE0008,7,97.7,3.1,680.8
2024-01-01,PROD0020,206,STORE0005,6,68.21,35.07,374.19
2024-02-01,PROD0038,183,STORE0002,8,453.7,8.68,3620.92
2024-03-01,PROD0009,47,STORE0003,5,38.06,17.2,173.1
2024-04-01,PROD0011,300,STORE0001,3,312.59,17.65,920.12
2024-05-01,PROD0035,179,STORE0010,2,73.31,17.66,128.96
2024-06-01,PROD0013,278,STORE0002,8,305.6,31.04,2413.76
2024-07-01,PROD0004,296,STORE0005,1,250.2,17.74,232.46
2024-08-01,PROD0012,240,STORE0007,9,240.35,13.24,2149.91
2024-09-01,PROD0048,243,STORE0006,4,437.2,43.51,1705.29
2024-10-01,PROD0048,296,STORE0010,4,240.7,29.74,933.06
2024-11-01,PROD0020,2,STORE0005,7,94.83,19.06,644.75
2024-12-01,PROD0017,184,STORE0001,3,184.48,41.23,512.21
2023-01-01,PROD0039,254,STORE0009,6,387.75,1.99,2324.51
2023-02-01,PROD0042,79,STORE0010,6,151.87,3.48,907.74
2023-03-01,PROD0024,196,STORE0006,3,141.4,9.11,415.09
2023-04-01,PROD0043,287,STORE0002,1,445.91,20.63,425.28
2023-05-01,PROD0025,107,STORE0002,2,103.94,21.1,186.78
2023-06-01,PROD0008,253,STORE0006,8,86.31,39.03,651.45
2023-07-01,PROD0035,44,STORE0010,9,154.01,42.94,1343.15
2023-08-01,PROD0031,50,STORE0005,7,385.4,30.87,2666.93
2023-09-01,PROD0014,53,STORE0008,8,471.6,26.56,3746.24
2023-10-01,PROD0029,263,STORE0010,2,157.6,22.42,292.78
2023-11-01,PROD0048,142,STORE0007,3,494.79,46.45,1437.92
2023-12-01,PROD0011,21,STORE0010,9,463.16,45.36,4123.08
2024-01-01,PROD0024,235,STORE0004,3,138.04,17.69,396.43
2024-02-01,PROD0023,294,STORE0004,3,123.8,43.98,327.42
2024-03-01,PROD0012,170,STORE0007,5,252.28,1.82,1259.58
2024-04-01,PROD0020,192,STORE0007,4,143.73,18.65,556.27
2024-05-01,PROD0030,261,STORE0002,2,302.26,33.99,570.53
2024-06-01,PROD0009,203,STORE0005,9,441.83,5.39,3971.08
2024-07-01,PROD0031,172,STORE0009,6,437.6,4.96,2620.64
2024-08-01,PROD0014,90,STORE0002,6,254.88,17.38,1511.9
2024-09-01,PROD0015,228,STORE0005,2,357.01,6.09,707.93
2024-10-01,PROD0027,43,STORE0001,9,58.52,41.63,485.05
2024-11-01,PROD0046,291,STORE0008,5,45.73,42.92,185.73
2024-12-01,PROD0038,154,STORE0002,2,366.65,36.57,696.73
2023-01-01,PROD0037,43,STORE0006,5,392.05,40.51,1919.74
2023-02-01,PROD0016,210,STORE0006,2,443.93,19.05,868.81
2023-03-01,PROD0041,8,STORE0010,3,157.88,48.21,425.43
2023-04-01,PROD0003,192,STORE0001,8,348.05,8.77,2775.63
2023-05-01,PROD0007,188,STORE0007,5,432.04,20.59,2139.61
2023-06-01,PROD0011,47,STORE0001,7,499.41,37.09,3458.78
2023-07-01,PROD0023,86,STORE0010,9,76.13,15.93,669.24
2023-08-01,PROD0014,25,STORE0008,4,58.41,10.47,223.17
2023-09-01,PROD0043,293,STORE0001,7,490.63,0.22,3434.19
2023-10-01,PROD0038,186,STORE0001,5,350.4,42.27,1709.73
2023-11-01,PROD0020,218,STORE0008,8,460.76,6.71,3679.37
2023-12-01,PROD0047,254,STORE0002,4,422.25,16.37,1672.63
2024-01-01,PROD0016,141,STORE0001,6,352.12,37.9,2074.82
2024-02-01,PROD0026,231,STORE0008,6,209.79,31.41,1227.33
2024-03-01,PROD0036,297,STORE0007,3,176.95,42.52,488.33
2024-04-01,PROD0043,155,STORE0007,9,24.93,11.7,212.67
2024-05-01,PROD0004,154,STORE0010,1,322.79,11.86,310.93
2024-06-01,PROD0050,23,STORE0004,2,486.92,36.98,936.86
2024-07-01,PROD0045,237,STORE0006,6,427.72,37.74,2528.58
2024-08-01,PROD0029,68,STORE0002,3,486.08,13.67,1444.57
2024-09-01,PROD0012,139,STORE0005,5,484.0,1.56,2418.44
2024-10-01,PROD0005,16,STORE0003,3,160.9,27.11,455.59
2024-11-01,PROD0023,39,STORE0006,7,494.42,32.82,3428.12
2024-12-01,PROD0001,182,STORE0006,4,220.16,33.78,846.86
2023-01-01,PROD0018,149,STORE0007,9,476.5,16.64,4271.86
2023-02-01,PROD0024,258,STORE0007,7,376.09,49.24,2583.39
2023-03-01,PROD0035,34,STORE0007,9,356.7,44.47,3165.83
2023-04-01,PROD0019,236,STORE0007,1,175.65,37.44,138.21
2023-05-01,PROD0021,200,STORE0002,4,126.0,33.12,470.88
2023-06-01,PROD0034,239,STORE0010,5,479.28,13.3,2383.1
2023-07-01,PROD0047,289,STORE0007,7,167.74,38.46,1135.72
2023-08-01,PROD0020,248,STORE0003,2,98.89,33.14,164.64
2023-09-01,PROD0023,290,STORE0002,5,422.5,16.01,2096.49
2023-10-01,PROD0002,115,STORE0002,3,309.93,26.74,903.05
2023-11-01,PROD0031,60,STORE0003,8,288.9,44.19,2267.01
2023-12-01,PROD0007,101,STORE0001,5,146.31,21.53,710.02
2024-01-01,PROD0018,247,STORE0007,5,473.76,12.53,2356.27
2024-02-01,PROD0024,225,STORE0008,9,267.38,16.52,2389.9
2024-03-01,PROD0038,116,STORE0001,7,269.96,29.89,1859.83
2024-04-01,PROD0021,93,STORE0010,5,306.18,38.14,1492.76
2024-05-01,PROD0049,3,STORE0005,9,412.21,18.52,3691.37
2024-06-01,PROD0025,232,STORE0005,4,496.36,31.05,1954.39
2024-07-01,PROD0049,184,STORE0005,9,302.1,48.18,2670.72
2024-08-01,PROD0018,253,STORE0001,7,369.26,36.68,2548.14
2024-09-01,PROD0005,300,STORE0002,9,487.67,33.68,4355.35
2024-10-01,PROD0006,56,STORE0007,2,331.99,37.37,626.61
2024-11-01,PROD0034,132,STORE0002,4,129.22,47.24,469.64
2024-12-01,PROD0008,14,STORE0010,8,106.41,32.02,819.26
2023-01-01,PROD0005,180,STORE0001,2,27.19,40.69,13.69
2023-02-01,PROD0003,42,STORE0009,6,409.44,13.24,2443.4
2023-03-01,PROD0026,80,STORE0010,4,218.41,48.34,825.3
2023-04-01,PROD0033,102,STORE0001,1,77.01,9.16,67.85
2023-05-01,PROD0050,205,STORE0010,8,89.25,17.22,696.78
2023-06-01,PROD0006,166,STORE0009,6,297.93,22.25,1765.33
2023-07-01,PROD0041,197,STORE0003,1,445.64,13.09,432.55
2023-08-01,PROD0008,269,STORE0010,4,107.7,7.86,422.94
2023-09-01,PROD0050,106,STORE0001,6,154.49,27.62,899.32
2023-10-01,PROD0042,57,STORE0008,5,403.11,29.61,1985.94
2023-11-01,PROD0016,145,STORE0006,8,184.33,33.85,1440.79
2023-12-01,PROD0007,245,STORE0005,4,334.12,48.41,1288.07
2024-01-01,PROD0033,196,STORE0008,5,228.19,49.54,1091.41
2024-02-01,PROD0033,16,STORE0004,8,427.47,6.6,3413.16
2024-03-01,PROD0026,83,STORE0002,5,478.11,5.5,2385.05
2024-04-01,PROD0006,176,STORE0009,4,182.24,3.38,725.58
2024-05-01,PROD0050,36,STORE0003,5,401.89,39.31,1970.14
2024-06-01,PROD0008,215,STORE0008,7,216.56,41.47,1474.45
2024-07-01,PROD0036,88,STORE0004,6,383.92,40.36,2263.16
2024-08-01,PROD0028,263,STORE0008,5,92.56,4.22,458.58
2024-09-01,PROD0018,53,STORE0002,7,331.9,17.8,2305.5
2024-10-01,PROD0026,210,STORE0006,1,91.09,40.54,50.55
2024-11-01,PROD0009,187,STORE0010,3,309.59,12.52,916.25
2024-12-01,PROD0037,87,STORE0007,1,60.16,48.05,12.11
2023-01-01,PROD0020,259,STORE0003,7,395.17,26.17,2740.02
2023-02-01,PROD0017,83,STORE0005,8,445.1,3.56,3557.24
2023-03-01,PROD0003,32,STORE0005,9,281.99,3.41,2534.5
2023-04-01,PROD0012,163,STORE0002,5,270.47,8.79,1343.56
2023-05-01,PROD0047,74,STORE0006,5,406.16,4.05,2026.75
2023-06-01,PROD0005,3,STORE0009,2,402.18,34.59,769.77
2023-07-01,PROD0003,61,STORE0004,8,322.08,18.55,2558.09
2023-08-01,PROD0030,260,STORE0007,5,358.54,15.83,1776.87
2023-09-01,PROD0021,254,STORE0004,1,354.66,2.71,351.95
2023-10-01,PROD0015,101,STORE0010,1,434.58,32.02,402.56
2023-11-01,PROD0018,49,STORE0008,6,52.92,27.58,289.94
2023-12-01,PROD0033,282,STORE0009,5,311.57,16.73,1541.12
2024-01-01,PROD0028,40,STORE0009,9,122.29,41.55,1059.06
2024-02-01,PROD0019,296,STORE0010,8,251.85,48.75,1966.05
2024-03-01,PROD0029,212,STORE0006,6,498.74,37.26,2955.18
2024-04-01,PROD0045,108,STORE0006,5,282.82,38.57,1375.53
2024-05-01,PROD0010,132,STORE0006,4,99.74,2.48,396.48
2024-06-01,PROD0027,185,STORE0006,2,325.03,22.63,627.43
2024-07-01,PROD0013,254,STORE0008,9,35.36,37.6,280.64
2024-08-01,PROD0044,226,STORE0004,2,343.13,42.19,644.07
2024-09-01,PROD0037,199,STORE0006,1,198.74,22.39,176.35
2024-10-01,PROD0049,155,STORE0006,2,218.19,25.02,411.36
2024-11-01,PROD0008,37,STORE0006,2,221.37,37.78,404.96
2024-12-01,PROD0027,159,STORE0004,8,281.15,45.01,2204.19
2023-01-01,PROD0044,247,STORE0009,4,446.94,47.05,1740.71
2023-02-01,PROD0048,240,STORE0006,4,100.58,33.71,368.61
2023-03-01,PROD0022,263,STORE0010,5,255.25,25.27,1250.98
2023-04-01,PROD0007,178,STORE0003,9,288.96,13.34,2587.3
2023-05-01,PROD0044,183,STORE0004,3,58.65,36.94,139.01
2023-06-01,PROD0044,220,STORE0008,4,423.85,27.02,1668.38
2023-07-01,PROD0003,31,STORE0001,7,442.43,19.14,3077.87
2023-08-01,PROD0008,286,STORE0009,3,84.7,4.21,249.89
2023-09-01,PROD0017,228,STORE0003,6,356.94,21.39,2120.25
2023-10-01,PROD0040,271,STORE0008,6,68.72,47.23,365.09
2023-11-01,PROD0033,86,STORE0007,6,137.49,16.87,808.07
2023-12-01,PROD0033,294,STORE0010,8,86.34,43.59,647.13
2024-01-01,PROD0012,271,STORE0002,9,353.52,26.63,3155.05
2024-02-01,PROD0038,34,STORE0009,2,158.52,46.3,270.74
2024-03-01,PROD0028,131,STORE0002,9,368.13,24.99,3288.18
2024-04-01,PROD0011,219,STORE0001,5,243.66,36.38,1181.92
2024-05-01,PROD0024,87,STORE0007,9,443.76,46.42,3947.42
2024-06-01,PROD0013,112,STORE0010,6,298.8,44.18,1748.62
2024-07-01,PROD0017,114,STORE0009,6,310.61,20.67,1842.99
2024-08-01,PROD0018,299,STORE0004,1,382.99,46.22,336.77
2024-09-01,PROD0024,218,STORE0010,6,476.74,7.41,2853.03
2024-10-01,PROD0006,282,STORE0007,7,391.59,37.4,2703.73
2024-11-01,PROD0034,105,STORE0005,7,410.28,48.57,2823.39
2024-12-01,PROD0008,13,STORE0001,9,497.2,32.16,4442.64
2023-01-01,PROD0047,46,STORE0004,5,72.37,35.01,326.84
2023-02-01,PROD0002,113,STORE0005,2,396.73,43.59,749.87
2023-03-01,PROD0013,260,STORE0005,3,300.52,37.85,863.71
2023-04-01,PROD0039,204,STORE0007,4,175.63,13.49,689.03
2023-05-01,PROD0005,69,STORE0003,3,241.57,39.03,685.68
2023-06-01,PROD0040,96,STORE0008,4,424.51,33.94,1664.1
2023-07-01,PROD0017,266,STORE0004,3,266.99,20.04,780.93
2023-08-01,PROD0049,192,STORE0007,7,224.8,27.95,1545.65
2023-09-01,PROD0024,72,STORE0005,9,276.45,14.27,2473.78
2023-10-01,PROD0006,33,STORE0004,5,197.66,33.58,954.72
2023-11-01,PROD0015,216,STORE0002,6,480.63,43.06,2840.72
2023-12-01,PROD0012,56,STORE0008,2,209.19,33.24,385.14
2024-01-01,PROD0022,300,STORE0005,5,51.13,12.44,243.21
2024-02-01,PROD0041,36,STORE0009,7,43.92,8.56,298.88
2024-03-01,PROD0014,251,STORE0004,8,101.0,1.0,807.0
2024-04-01,PROD0021,193,STORE0001,4,44.14,28.31,148.25
2024-05-01,PROD0011,134,STORE0010,4,406.83,37.33,1589.99
2024-06-01,PROD0050,291,STORE0001,1,122.2,16.52,105.68
2024-07-01,PROD0021,276,STORE0007,8,97.99,23.26,760.66
2024-08-01,PROD0014,51,STORE0009,5,458.96,34.02,2260.78
2024-09-01,PROD0018,215,STORE0008,8,356.26,30.19,2819.89
2024-10-01,PROD0017,134,STORE0004,2,145.04,1.55,288.53
2024-11-01,PROD0012,264,STORE0010,3,480.34,43.53,1397.49
2024-12-01,PROD0034,145,STORE0010,6,473.51,42.94,2798.12
2023-01-01,PROD0006,284,STORE0010,6,24.17,9.8,135.22
2023-02-01,PROD0030,255,STORE0001,8,99.63,16.25,780.79
2023-03-01,PROD0047,173,STORE0010,7,173.42,37.33,1176.61
2023-04-01,PROD0041,43,STORE0006,8,210.37,17.3,1665.66
2023-05-01,PROD0004,249,STORE0010,2,22.22,2.33,42.11
2023-06-01,PROD0007,244,STORE0004,4,377.07,12.27,1496.01
2023-07-01,PROD0042,163,STORE0002,9,343.71,4.32,3089.07
2023-08-01,PROD0018,165,STORE0010,3,109.39,32.36,295.81
2023-09-01,PROD0024,179,STORE0006,4,50.88,41.92,161.6
2023-10-01,PROD0017,272,STORE0008,9,430.83,43.23,3834.24
2023-11-01,PROD0017,203,STORE0001,4,252.22,45.3,963.58
2023-12-01,PROD0015,234,STORE0008,1,220.06,27.01,193.05
2024-01-01,PROD0041,282,STORE0002,1,452.57,33.52,419.05
2024-02-01,PROD0049,124,STORE0006,6,146.96,33.03,848.73
2024-03-01,PROD0004,163,STORE0009,9,119.91,36.31,1042.88
2024-04-01,PROD0039,111,STORE0006,3,66.7,2.8,197.3
2024-05-01,PROD0024,92,STORE0006,4,38.85,33.89,121.51
2024-06-01,PROD0036,107,STORE0010,6,432.18,20.43,2572.65
2024-07-01,PROD0021,245,STORE0003,4,120.96,41.48,442.36
2024-08-01,PROD0032,182,STORE0009,1,131.51,9.23,122.28
2024-09-01,PROD0028,82,STORE0009,3,35.44,42.65,63.67
2024-10-01,PROD0028,261,STORE0004,6,303.64,14.95,1806.89
2024-11-01,PROD0037,280,STORE0005,1,109.34,3.99,105.35
2024-12-01,PROD0028,148,STORE0007,2,362.0,4.95,719.05
2023-01-01,PROD0023,13,STORE0005,1,306.49,35.49,271.0
2023-02-01,PROD0011,27,STORE0005,8,349.15,39.99,2753.21
2023-03-01,PROD0039,258,STORE0001,5,181.66,0.0,908.3
2023-04-01,PROD0025,65,STORE0002,1,369.82,33.39,336.43
2023-05-01,PROD0031,221,STORE0008,7,459.07,20.29,3193.2
2023-06-01,PROD0031,164,STORE0002,6,250.36,47.31,1454.85
2023-07-01,PROD0002,6,STORE0002,7,230.47,39.22,1574.07
2023-08-01,PROD0036,299,STORE0010,1,435.04,11.96,423.08
2023-09-01,PROD0050,298,STORE0001,2,223.65,29.86,417.44
2023-10-01,PROD0025,296,STORE0006,7,402.7,29.0,2789.9
2023-11-01,PROD0009,135,STORE0002,3,386.52,34.66,1124.9
2023-12-01,PROD0035,95,STORE0010,2,154.62,18.78,290.46
2024-01-01,PROD0044,14,STORE0010,9,320.08,39.95,2840.77
2024-02-01,PROD0030,52,STORE0004,1,180.17,42.87,137.3
2024-03-01,PROD0047,159,STORE0008,3,327.71,34.57,948.56
2024-04-01,PROD0024,13,STORE0010,1,51.35,27.51,23.84
2024-05-01,PROD0028,248,STORE0003,8,366.54,14.31,2918.01
2024-06-01,PROD0029,93,STORE0002,4,319.54,42.84,1235.32
2024-07-01,PROD0036,130,STORE0002,8,297.48,29.91,2349.93
2024-08-01,PROD0001,125,STORE0008,2,319.68,27.47,611.89
2024-09-01,PROD0020,95,STORE0003,5,211.92,14.85,1044.75
2024-10-01,PROD0046,188,STORE0004,1,481.64,46.49,435.15
2024-11-01,PROD0037,218,STORE0001,7,50.08,35.47,315.09
2024-12-01,PROD0032,147,STORE0002,9,427.03,1.62,3841.65
2023-01-01,PROD0050,205,STORE0009,4,143.68,34.01,540.71
2023-02-01,PROD0025,95,STORE0010,3,278.92,42.47,794.29
2023-03-01,PROD0043,181,STORE0008,9,473.18,42.01,4216.61
2023-04-01,PROD0039,10,STORE0007,6,457.28,21.26,2722.42
2023-05-01,PROD0036,146,STORE0001,8,387.14,4.67,3092.45
2023-06-01,PROD0012,235,STORE0004,1,147.79,16.65,131.14
2023-07-01,PROD0011,6,STORE0008,2,369.19,42.35,696.03
2023-08-01,PROD0004,27,STORE0010,7,400.67,20.41,2784.28
2023-09-01,PROD0019,278,STORE0008,2,437.33,36.98,837.68
2023-10-01,PROD0009,36,STORE0006,2,399.28,26.41,772.15
2023-11-01,PROD0020,43,STORE0005,4,388.67,35.94,1518.74
2023-12-01,PROD0039,275,STORE0002,3,265.0,21.74,773.26
2024-01-01,PROD0050,154,STORE0010,6,197.8,14.24,1172.56
2024-02-01,PROD0034,264,STORE0003,3,76.19,2.78,225.79
2024-03-01,PROD0020,276,STORE0009,7,467.83,45.04,3229.77
2024-04-01,PROD0035,281,STORE0001,7,191.31,44.65,1294.52
2024-05-01,PROD0021,262,STORE0006,5,74.46,18.45,353.85
2024-06-01,PROD0037,292,STORE0005,4,83.41,18.98,314.66
2024-07-01,PROD0024,263,STORE0007,1,421.53,20.79,400.74
2024-08-01,PROD0023,281,STORE0006,7,498.78,26.6,3464.86
2024-09-01,PROD0035,48,STORE0003,7,155.23,43.18,1043.43
2024-10-01,PROD0030,296,STORE0001,1,110.16,12.37,97.79
2024-11-01,PROD0035,158,STORE0001,6,130.55,19.03,764.27
2024-12-01,PROD0039,29,STORE0006,6,25.28,12.48,139.2
2023-01-01,PROD0014,79,STORE0007,8,271.0,39.97,2128.03
2023-02-01,PROD0026,46,STORE0004,1,243.57,5.11,238.46
2023-03-01,PROD0023,13,STORE0007,4,54.39,35.25,182.31
2023-04-01,PROD0031,296,STORE0002,6,246.35,26.78,1451.32
2023-05-01,PROD0039,45,STORE0005,1,90.82,12.04,78.78
2023-06-01,PROD0042,146,STORE0007,5,203.31,18.01,998.54
2023-07-01,PROD0032,267,STORE0001,9,327.12,47.05,2897.03
2023-08-01,PROD0032,3,STORE0008,3,490.35,20.38,1450.67
2023-09-01,PROD0029,88,STORE0009,8,146.1,6.96,1161.84
2023-10-01,PROD0008,261,STORE0007,1,140.31,13.96,126.35
2023-11-01,PROD0031,203,STORE0005,1,299.13,42.01,257.12
2023-12-01,PROD0047,9,STORE0006,7,447.39,30.78,3100.95
2024-01-01,PROD0030,157,STORE0007,4,163.08,43.96,608.36
2024-02-01,PROD0002,137,STORE0007,4,326.08,4.71,1299.61
2024-03-01,PROD0026,23,STORE0003,4,458.64,9.48,1825.08
2024-04-01,PROD0014,51,STORE0005,9,352.22,24.7,3145.28
2024-05-01,PROD0002,201,STORE0003,3,69.98,26.17,183.77
2024-06-01,PROD0002,48,STORE0008,9,274.81,2.85,2470.44
2024-07-01,PROD0020,180,STORE0007,8,135.64,49.89,1035.23
2024-08-01,PROD0038,172,STORE0003,7,161.62,40.44,1090.9
2024-09-01,PROD0021,142,STORE0005,1,296.56,6.37,290.19
2024-10-01,PROD0038,139,STORE0008,1,66.09,33.65,32.44
2024-11-01,PROD0043,300,STORE0005,8,386.46,7.31,3084.37
2024-12-01,PROD0029,2,STORE0003,1,268.9,5.6,263.3
2023-01-01,PROD0009,106,STORE0008,8,482.97,17.95,3845.81
2023-02-01,PROD0035,85,STORE0005,6,115.64,3.72,690.12
2023-03-01,PROD0039,253,STORE0004,7,203.13,5.69,1416.22
2023-04-01,PROD0030,74,STORE0004,4,399.99,30.92,1569.04
2023-05-01,PROD0045,157,STORE0010,5,241.57,33.18,1174.67
2023-06-01,PROD0019,224,STORE0010,2,70.17,27.39,112.95
2023-07-01,PROD0049,77,STORE0009,9,426.54,28.12,3810.74
2023-08-01,PROD0029,71,STORE0005,8,156.55,12.35,1240.05
2023-09-01,PROD0013,299,STORE0002,5,45.19,16.28,209.67
2023-10-01,PROD0026,215,STORE0002,4,394.07,20.62,1555.66
2023-11-01,PROD0029,139,STORE0003,3,342.13,23.27,1003.12
2023-12-01,PROD0044,95,STORE0002,5,337.44,38.96,1648.24
2024-01-01,PROD0022,279,STORE0007,3,417.36,38.63,1213.45
2024-02-01,PROD0015,181,STORE0001,5,277.98,20.75,1369.15
2024-03-01,PROD0035,289,STORE0008,8,436.26,27.89,3462.19
2024-04-01,PROD0035,141,STORE0004,7,140.81,46.55,939.12
2024-05-01,PROD0005,282,STORE0010,4,139.48,45.13,512.79
2024-06-01,PROD0031,145,STORE0009,8,151.73,43.1,1170.74
2024-07-01,PROD0038,145,STORE0006,7,318.17,12.73,2214.46
2024-08-01,PROD0024,290,STORE0004,8,52.88,38.42,384.62
2024-09-01,PROD0030,193,STORE0008,7,423.36,45.05,2918.47
2024-10-01,PROD0020,46,STORE0002,8,312.04,22.31,2474.01
2024-11-01,PROD0030,88,STORE0010,6,37.1,4.37,218.23
2024-12-01,PROD0004,220,STORE0006,3,79.06,37.58,199.6
2023-01-01,PROD0020,290,STORE0007,6,302.1,39.26,1773.34
2023-02-01,PROD0030,299,STORE0007,8,30.74,26.96,218.96
2023-03-01,PROD0045,136,STORE0003,9,459.07,36.32,4095.31
2023-04-01,PROD0028,209,STORE0010,1,107.03,31.16,75.87
2023-05-01,PROD0023,108,STORE0005,6,382.35,22.01,2272.09
2023-06-01,PROD0031,231,STORE0002,8,249.25,47.57,1946.43
2023-07-01,PROD0034,295,STORE0006,8,247.26,44.84,1933.24
2023-08-01,PROD0014,195,STORE0006,7,144.35,20.78,989.67
2023-09-01,PROD0003,86,STORE0003,1,159.0,34.2,124.8
2023-10-01,PROD0022,121,STORE0005,6,171.59,13.99,1015.55
2023-11-01,PROD0034,79,STORE0008,7,376.88,48.57,2589.59
2023-12-01,PROD0013,58,STORE0008,2,49.69,3.59,95.79
2024-01-01,PROD0050,223,STORE0006,7,21.96,34.28,119.44
2024-02-01,PROD0042,6,STORE0008,3,484.18,31.89,1420.65
2024-03-01,PROD0018,169,STORE0007,4,275.45,27.63,1074.17
2024-04-01,PROD0020,36,STORE0006,7,307.46,40.6,2111.62
2024-05-01,PROD0002,61,STORE0010,6,175.15,24.59,1026.31
2024-06-01,PROD0044,32,STORE0006,5,215.01,6.78,1068.27
2024-07-01,PROD0045,22,STORE0001,5,335.4,49.65,1627.35
2024-08-01,PROD0002,99,STORE0002,2,53.85,21.32,86.38
2024-09-01,PROD0043,8,STORE0004,2,276.66,4.29,549.03
2024-10-01,PROD0009,136,STORE0008,3,80.7,45.81,196.29
2024-11-01,PROD0030,1,STORE0002,6,190.34,37.18,1104.86
2024-12-01,PROD0037,32,STORE0008,4,94.34,0.82,376.54
2023-01-01,PROD0004,245,STORE0006,2,326.07,29.58,622.56
2023-02-01,PROD0027,116,STORE0004,8,253.63,45.18,1983.86
2023-03-01,PROD0050,233,STORE0010,2,231.15,40.0,422.3
2023-04-01,PROD0016,5,STORE0008,8,292.51,0.24,2339.84
2023-05-01,PROD0013,196,STORE0007,8,442.42,10.89,3528.47
2023-06-01,PROD0015,121,STORE0003,9,117.82,44.14,1016.24
2023-07-01,PROD0045,15,STORE0002,2,21.08,33.01,9.15
2023-08-01,PROD0025,262,STORE0008,8,297.4,29.3,2349.9
2023-09-01,PROD0019,256,STORE0007,4,380.11,28.96,1491.48
2023-10-01,PROD0027,205,STORE0010,8,290.9,48.81,2278.39
2023-11-01,PROD0025,52,STORE0005,3,211.27,32.33,601.48
2023-12-01,PROD0019,221,STORE0008,5,205.01,10.68,1014.37
2024-01-01,PROD0029,171,STORE0005,8,347.48,40.68,2739.16
2024-02-01,PROD0046,260,STORE0005,2,433.02,31.82,834.22
2024-03-01,PROD0001,54,STORE0010,1,361.03,14.02,347.01
2024-04-01,PROD0012,176,STORE0002,1,193.33,26.64,166.69
2024-05-01,PROD0018,106,STORE0008,7,479.11,34.25,3319.52
2024-06-01,PROD0039,20,STORE0005,2,338.89,16.3,661.48
2024-07-01,PROD0032,231,STORE0010,6,287.5,30.72,1694.28
2024-08-01,PROD0050,67,STORE0007,4,286.49,24.67,1121.29
2024-09-01,PROD0011,145,STORE0006,3,409.08,5.33,1221.91
2024-10-01,PROD0023,287,STORE0004,5,100.23,16.94,484.21
2024-11-01,PROD0018,279,STORE0001,3,310.08,5.53,924.71
2024-12-01,PROD0003,265,STORE0005,9,360.03,45.77,3194.5
2023-01-01,PROD0006,141,STORE0008,8,209.62,12.82,1664.14
2023-02-01,PROD0007,106,STORE0001,7,133.07,33.54,897.95
2023-03-01,PROD0048,95,STORE0002,3,451.49,5.02,1349.45
2023-04-01,PROD0026,76,STORE0006,1,214.07,35.77,178.3
2023-05-01,PROD0028,171,STORE0009,9,374.4,49.0,3320.6
2023-06-01,PROD0050,142,STORE0001,5,124.05,35.78,584.47
2023-07-01,PROD0004,133,STORE0008,9,438.51,17.73,3928.86
2023-08-01,PROD0049,178,STORE0001,8,463.76,9.75,3700.33
2023-09-01,PROD0033,97,STORE0008,1,113.93,15.2,98.73
2023-10-01,PROD0032,70,STORE0009,8,25.64,38.05,167.07
2023-11-01,PROD0042,251,STORE0004,3,127.01,16.2,364.83
2023-12-01,PROD0010,285,STORE0008,2,161.84,45.48,278.2
2024-01-01,PROD0023,72,STORE0002,6,135.54,6.82,806.42
2024-02-01,PROD0045,64,STORE0006,9,306.04,4.67,2749.69
2024-03-01,PROD0033,244,STORE0006,3,389.75,36.19,1133.06
2024-04-01,PROD0015,148,STORE0007,5,274.44,1.09,1371.11
2024-05-01,PROD0002,205,STORE0002,5,167.67,39.68,798.67
2024-06-01,PROD0042,162,STORE0001,6,426.24,0.08,2557.36
2024-07-01,PROD0001,151,STORE0002,1,37.23,28.78,8.45
2024-08-01,PROD0025,259,STORE0006,4,201.42,4.17,801.51
2024-09-01,PROD0041,190,STORE0004,6,160.44,32.63,930.01
2024-10-01,PROD0050,300,STORE0007,1,485.25,37.91,447.34
2024-11-01,PROD0013,81,STORE0009,2,217.52,38.04,397.0
2024-12-01,PROD0004,250,STORE0002,7,178.31,39.24,1208.93
2023-01-01,PROD0026,242,STORE0006,7,328.86,37.88,2264.14
2023-02-01,PROD0007,103,STORE0009,1,29.5,32.88,-3.38
2023-03-01,PROD0006,236,STORE0009,1,221.15,16.74,204.41
2023-04-01,PROD0036,42,STORE0004,3,276.27,32.82,795.99
2023-05-01,PROD0031,29,STORE0006,7,482.03,9.68,3364.53
2023-06-01,PROD0041,102,STORE0002,8,154.61,3.06,1233.82
2023-07-01,PROD0004,221,STORE0002,5,174.88,28.4,846.0
2023-08-01,PROD0015,300,STORE0001,7,127.61,34.97,858.3
2023-09-01,PROD0005,112,STORE0007,8,198.42,20.6,1566.76
2023-10-01,PROD0011,151,STORE0009,9,354.18,21.06,3166.56
2023-11-01,PROD0049,234,STORE0002,3,64.21,21.7,170.93
2023-12-01,PROD0008,217,STORE0007,8,469.07,3.69,3748.87
2024-01-01,PROD0002,55,STORE0004,9,390.19,47.81,3463.9
2024-02-01,PROD0017,172,STORE0001,2,161.13,25.96,296.3
2024-03-01,PROD0033,34,STORE0008,5,102.48,15.59,496.81
2024-04-01,PROD0034,177,STORE0002,4,234.36,30.7,906.74
2024-05-01,PROD0025,208,STORE0004,2,264.97,42.44,487.5
2024-06-01,PROD0045,135,STORE0003,5,155.6,7.61,770.39
2024-07-01,PROD0017,12,STORE0007,8,237.59,17.59,1883.13
2024-08-01,PROD0013,247,STORE0005,2,479.8,25.98,933.62
2024-09-01,PROD0010,184,STORE0004,1,177.01,13.38,163.63
2024-10-01,PROD0013,8,STORE0006,4,361.01,11.18,1432.86
2024-11-01,PROD0023,95,STORE0010,8,58.17,31.41,433.95
2024-12-01,PROD0018,58,STORE0004,7,120.85,49.01,796.94
2023-01-01,PROD0020,189,STORE0007,2,65.51,26.43,104.59
2023-02-01,PROD0015,233,STORE0004,7,203.25,45.79,1376.96
2023-03-01,PROD0043,248,STORE0010,9,488.57,8.5,4388.63
2023-04-01,PROD0042,102,STORE0001,6,465.79,42.93,2751.81
2023-05-01,PROD0023,256,STORE0006,8,464.56,36.21,3680.27
2023-06-01,PROD0037,3,STORE0002,3,257.77,37.97,735.34
2023-07-01,PROD0034,165,STORE0009,1,310.69,29.85,280.84
2023-08-01,PROD0050,151,STORE0009,7,487.85,5.79,3409.16
2023-09-01,PROD0033,161,STORE0006,8,202.26,41.62,1576.46
2023-10-01,PROD0024,36,STORE0005,7,44.45,22.35,288.8
2023-11-01,PROD0027,174,STORE0007,9,262.83,19.94,2345.53
2023-12-01,PROD0042,156,STORE0001,4,494.6,27.34,1951.06
2024-01-01,PROD0018,32,STORE0003,9,317.3,2.85,2852.85
2024-02-01,PROD0035,59,STORE0006,8,142.2,33.77,1103.83
2024-03-01,PROD0007,55,STORE0009,6,456.39,6.47,2731.87
2024-04-01,PROD0011,194,STORE0002,6,220.9,11.15,1314.25
2024-05-01,PROD0021,144,STORE0005,1,105.75,39.35,66.4
2024-06-01,PROD0007,51,STORE0004,4,179.47,0.42,717.46
2024-07-01,PROD0022,44,STORE0003,3,174.8,24.1,500.3
2024-08-01,PROD0047,269,STORE0002,7,81.54,1.94,568.84
2024-09-01,PROD0004,28,STORE0003,4,435.07,30.97,1709.31
2024-10-01,PROD0038,158,STORE0010,5,370.45,12.58,1839.67
2024-11-01,PROD0030,298,STORE0004,3,51.92,23.4,132.36
2024-12-01,PROD0026,245,STORE0008,7,158.01,0.97,1105.1
2023-01-01,PROD0015,236,STORE0004,9,388.02,25.44,3466.74
2023-02-01,PROD0019,270,STORE0009,6,141.08,41.04,805.44
2023-03-01,PROD0048,111,STORE0003,3,279.59,23.46,815.31
2023-04-01,PROD0047,18,STORE0006,5,238.11,19.93,1170.62
2023-05-01,PROD0013,143,STORE0009,2,459.49,1.67,917.31
2023-06-01,PROD0013,28,STORE0003,2,65.95,14.66,117.24
2023-07-01,PROD0041,21,STORE0001,7,75.48,14.74,513.62
2023-08-01,PROD0050,178,STORE0007,2,190.0,40.05,339.95
2023-09-01,PROD0019,84,STORE0007,4,116.28,26.03,439.09
2023-10-01,PROD0033,186,STORE0004,9,185.09,2.35,1663.46
2023-11-01,PROD0050,287,STORE0010,7,374.33,15.61,2604.7
2023-12-01,PROD0005,114,STORE0001,4,199.96,1.1,798.74
2024-01-01,PROD0050,223,STORE0007,5,107.02,23.77,511.33
2024-02-01,PROD0015,272,STORE0001,6,51.82,20.62,290.3
2024-03-01,PROD0019,229,STORE0003,9,360.78,43.06,3203.96
2024-04-01,PROD0001,56,STORE0005,2,273.68,13.7,533.66
2024-05-01,PROD0002,273,STORE0005,6,423.2,20.29,2518.91
2024-06-01,PROD0007,155,STORE0008,2,455.09,42.6,867.58
2024-07-01,PROD0044,170,STORE0008,6,421.59,16.89,2512.65
2024-08-01,PROD0033,273,STORE0003,9,74.28,31.27,637.25
2024-09-01,PROD0049,14,STORE0010,6,336.23,18.59,1998.79
2024-10-01,PROD0002,172,STORE0009,8,174.15,39.55,1353.65
2024-11-01,PROD0018,3,STORE0001,7,463.96,25.33,3222.39
2024-12-01,PROD0021,256,STORE0002,5,108.91,33.23,511.32
2023-01-01,PROD0040,21,STORE0009,6,132.08,30.76,761.72
2023-02-01,PROD0013,36,STORE0001,5,418.78,40.46,2053.44
2023-03-01,PROD0008,247,STORE0001,8,467.8,24.51,3717.89
2023-04-01,PROD0042,204,STORE0005,8,146.13,10.07,1158.97
2023-05-01,PROD0039,80,STORE0006,2,305.47,5.61,605.33
2023-06-01,PROD0024,206,STORE0004,4,170.03,49.81,630.31
2023-07-01,PROD0021,198,STORE0005,3,481.45,18.94,1425.41
2023-08-01,PROD0032,13,STORE0010,2,464.66,33.66,895.66
2023-09-01,PROD0039,69,STORE0006,8,60.69,2.19,483.33
2023-10-01,PROD0009,30,STORE0004,5,433.55,34.61,2133.14
2023-11-01,PROD0040,269,STORE0008,9,188.24,36.05,1658.11
2023-12-01,PROD0013,19,STORE0004,4,225.02,15.98,884.1
2024-01-01,PROD0009,222,STORE0008,9,244.13,5.76,2191.41
2024-02-01,PROD0038,30,STORE0002,2,221.71,9.36,434.06
2024-03-01,PROD0028,299,STORE0002,5,427.73,11.5,2127.15
2024-04-01,PROD0029,127,STORE0004,2,362.68,9.21,716.15
2024-05-01,PROD0044,47,STORE0001,1,368.06,4.08,363.98
2024-06-01,PROD0002,92,STORE0005,4,198.73,17.7,777.22
2024-07-01,PROD0050,97,STORE0001,9,27.42,1.16,245.62
2024-08-01,PROD0019,11,STORE0003,7,123.1,13.61,848.09
2024-09-01,PROD0046,220,STORE0003,7,479.37,32.18,3323.41
2024-10-01,PROD0047,30,STORE0010,9,256.66,17.86,2292.08
2024-11-01,PROD0028,138,STORE0004,1,80.95,41.17,39.78
2024-12-01,PROD0006,283,STORE0002,3,28.02,44.72,39.34
2023-01-01,PROD0025,179,STORE0007,2,331.94,23.91,639.97
2023-02-01,PROD0049,103,STORE0006,2,468.7,43.57,893.83
2023-03-01,PROD0001,133,STORE0002,4,398.41,43.66,1549.98
2023-04-01,PROD0031,169,STORE0008,1,255.83,29.62,226.21
2023-05-01,PROD0035,214,STORE0004,4,180.06,22.2,698.04
2023-06-01,PROD0015,127,STORE0001,1,406.73,16.3,390.43
2023-07-01,PROD0030,41,STORE0004,1,181.26,2.87,178.39
2023-08-01,PROD0022,194,STORE0008,7,86.85,48.98,558.97
2023-09-01,PROD0030,100,STORE0002,8,472.09,45.01,3731.71
2023-10-01,PROD0019,67,STORE0003,5,214.37,23.22,1048.63
2023-11-01,PROD0022,35,STORE0004,4,400.96,0.96,1602.88
2023-12-01,PROD0038,46,STORE0003,3,61.29,28.43,155.44
2024-01-01,PROD0028,140,STORE0008,6,362.96,29.63,2148.13
2024-02-01,PROD0028,242,STORE0006,3,199.4,46.05,552.15
2024-03-01,PROD0018,193,STORE0004,1,406.68,35.52,371.16
2024-04-01,PROD0046,68,STORE0001,6,72.74,8.49,427.95
2024-05-01,PROD0039,11,STORE0008,2,336.43,28.63,644.23
2024-06-01,PROD0013,113,STORE0004,9,449.11,10.58,4031.41
2024-07-01,PROD0027,191,STORE0010,9,302.04,2.65,2715.71
2024-08-01,PROD0044,87,STORE0008,6,422.22,49.62,2483.7
2024-09-01,PROD0034,182,STORE0008,3,162.15,39.41,447.04
2024-10-01,PROD0007,16,STORE0008,8,454.01,47.65,3584.43
2024-11-01,PROD0032,82,STORE0008,9,412.47,13.58,3698.65
2024-12-01,PROD0023,194,STORE0005,2,367.51,21.26,713.76
2023-01-01,PROD0034,270,STORE0008,6,326.15,27.52,1929.38
2023-02-01,PROD0050,81,STORE0006,3,185.43,37.03,519.26
2023-03-01,PROD0039,10,STORE0002,7,113.53,3.42,791.29
2023-04-01,PROD0015,69,STORE0002,2,329.1,33.27,624.93
2023-05-01,PROD0036,45,STORE0009,6,380.86,25.56,2259.6
2023-06-01,PROD0015,107,STORE0007,4,378.17,14.52,1498.16
2023-07-01,PROD0012,53,STORE0007,4,291.87,31.33,1136.15
2023-08-01,PROD0024,256,STORE0009,5,134.73,30.54,643.11
2023-09-01,PROD0045,112,STORE0001,9,486.16,18.47,4356.97
2023-10-01,PROD0016,213,STORE0007,3,35.32,27.71,78.25
2023-11-01,PROD0035,133,STORE0001,3,148.13,14.9,429.49
2023-12-01,PROD0014,211,STORE0003,3,457.34,49.87,1322.15
2024-01-01,PROD0033,103,STORE0003,9,399.0,34.21,3556.79
2024-02-01,PROD0007,279,STORE0003,4,219.81,42.61,836.63
2024-03-01,PROD0011,53,STORE0005,4,389.64,12.27,1546.29
2024-04-01,PROD0016,273,STORE0003,4,262.93,32.81,1018.91
2024-05-01,PROD0040,257,STORE0008,1,376.95,38.12,338.83
2024-06-01,PROD0026,236,STORE0006,9,335.72,41.53,2979.95
2024-07-01,PROD0013,25,STORE0004,3,328.44,32.6,952.72
2024-08-01,PROD0050,57,STORE0010,1,401.96,10.39,391.57
2024-09-01,PROD0002,57,STORE0002,3,156.54,46.2,423.42
2024-10-01,PROD0011,49,STORE0009,6,72.78,30.99,405.69
2024-11-01,PROD0020,115,STORE0004,3,202.72,37.43,570.73
2024-12-01,PROD0048,63,STORE0003,1,434.05,35.78,398.27
2023-01-01,PROD0034,137,STORE0005,5,366.18,40.11,1790.79
2023-02-01,PROD0029,162,STORE0003,2,288.87,3.73,574.01
2023-03-01,PROD0037,276,STORE0003,4,341.39,1.68,1363.88
2023-04-01,PROD0025,217,STORE0004,4,119.31,16.07,461.17
2023-05-01,PROD0040,40,STORE0009,5,472.72,19.27,2344.33
2023-06-01,PROD0042,75,STORE0005,8,349.15,23.87,2769.33
2023-07-01,PROD0030,169,STORE0003,2,151.08,2.72,299.44
2023-08-01,PROD0018,187,STORE0001,9,252.85,25.29,2250.36
2023-09-01,PROD0012,90,STORE0008,6,101.83,7.51,603.47
2023-10-01,PROD0047,208,STORE0002,9,480.54,6.45,4318.41
2023-11-01,PROD0004,60,STORE0001,6,105.5,16.28,616.72
2023-12-01,PROD0037,203,STORE0003,6,152.28,12.64,901.04
2024-01-01,PROD0049,158,STORE0002,1,52.34,43.51,8.83
2024-02-01,PROD0028,297,STORE0003,5,263.55,21.92,1295.83
2024-03-01,PROD0029,89,STORE0001,3,240.11,23.01,697.32
2024-04-01,PROD0001,288,STORE0002,3,236.87,26.45,684.16
2024-05-01,PROD0029,271,STORE0002,1,52.14,20.06,32.08
2024-06-01,PROD0015,36,STORE0001,8,362.08,20.1,2876.54
2024-07-01,PROD0034,264,STORE0005,2,41.3,17.09,65.51
2024-08-01,PROD0020,251,STORE0001,8,292.89,13.25,2329.87
2024-09-01,PROD0045,156,STORE0003,6,37.34,41.37,182.67
2024-10-01,PROD0016,83,STORE0002,6,393.28,3.38,2356.3
2024-11-01,PROD0006,298,STORE0007,6,194.99,27.64,1142.3
2024-12-01,PROD0033,171,STORE0006,3,141.39,2.08,422.09
2023-01-01,PROD0023,206,STORE0007,5,100.42,32.56,469.54
2023-02-01,PROD0027,276,STORE0009,3,234.59,26.62,677.15
2023-03-01,PROD0021,47,STORE0010,8,77.79,47.93,574.39
2023-04-01,PROD0019,47,STORE0006,4,497.29,8.6,1980.56
2023-05-01,PROD0028,37,STORE0008,6,488.15,0.46,2928.44
2023-06-01,PROD0033,164,STORE0010,7,123.38,34.22,829.44
2023-07-01,PROD0009,191,STORE0001,9,400.27,31.36,3571.07
2023-08-01,PROD0007,121,STORE0007,5,372.73,26.5,1837.15
2023-09-01,PROD0043,297,STORE0009,2,437.5,30.56,844.44
2023-10-01,PROD0013,5,STORE0005,8,53.99,18.32,413.6
2023-11-01,PROD0047,253,STORE0005,2,344.34,27.32,661.36
2023-12-01,PROD0016,232,STORE0001,6,293.53,11.29,1749.89
2024-01-01,PROD0018,271,STORE0005,5,131.02,32.87,622.23
2024-02-01,PROD0007,175,STORE0003,2,116.76,35.6,197.92
2024-03-01,PROD0027,4,STORE0006,5,494.81,27.38,2446.67
2024-04-01,PROD0029,5,STORE0008,7,462.44,11.61,3225.47
2024-05-01,PROD0033,10,STORE0003,4,373.96,31.63,1464.21
2024-06-01,PROD0003,228,STORE0001,9,287.91,32.63,2558.56
2024-07-01,PROD0022,193,STORE0009,8,84.71,36.64,641.04
2024-08-01,PROD0018,182,STORE0002,4,154.04,34.86,581.3
2024-09-01,PROD0008,285,STORE0005,7,462.33,37.23,3199.08
2024-10-01,PROD0016,193,STORE0001,6,31.57,2.92,186.5
2024-11-01,PROD0039,159,STORE0007,3,147.79,39.08,404.29
2024-12-01,PROD0049,86,STORE0003,2,105.74,1.45,210.03
2023-01-01,PROD0016,70,STORE0001,1,32.2,21.65,10.55
2023-02-01,PROD0018,108,STORE0006,5,462.42,21.76,2290.34
2023-03-01,PROD0031,112,STORE0009,9,269.02,23.9,2397.28
2023-04-01,PROD0039,257,STORE0007,1,68.26,11.21,57.05
2023-05-01,PROD0019,17,STORE0008,1,372.78,29.36,343.42
2023-06-01,PROD0028,128,STORE0004,4,185.4,13.54,728.06
2023-07-01,PROD0009,252,STORE0003,9,39.94,17.45,342.01
2023-08-01,PROD0010,9,STORE0005,8,248.16,25.08,1960.2
2023-09-01,PROD0016,289,STORE0001,3,417.33,8.25,1243.74
2023-10-01,PROD0010,148,STORE0005,2,258.21,37.96,478.46
2023-11-01,PROD0008,176,STORE0010,4,220.54,24.63,857.53
2023-12-01,PROD0022,140,STORE0005,8,402.57,40.61,3179.95
2024-01-01,PROD0048,84,STORE0008,7,238.6,27.66,1642.54
2024-02-01,PROD0030,82,STORE0007,7,98.35,4.97,683.48
2024-03-01,PROD0015,26,STORE0003,5,471.38,7.39,2349.51
2024-04-01,PROD0045,179,STORE0004,6,241.47,22.35,1426.47
2024-05-01,PROD0015,128,STORE0005,7,96.66,21.67,654.95
2024-06-01,PROD0004,78,STORE0004,7,370.04,44.97,2545.31
2024-07-01,PROD0024,211,STORE0003,9,456.59,20.56,4088.75
2024-08-01,PROD0033,168,STORE0007,7,360.01,16.53,2503.54
2024-09-01,PROD0031,48,STORE0001,7,242.33,24.59,1671.72
2024-10-01,PROD0020,191,STORE0001,7,475.23,3.7,3322.91
2024-11-01,PROD0035,261,STORE0006,1,319.08,37.66,281.42
2024-12-01,PROD0002,166,STORE0010,7,223.9,22.17,1545.13
2023-01-01,PROD0012,234,STORE0004,7,95.89,22.48,648.75
2023-02-01,PROD0022,32,STORE0008,2,95.21,1.05,189.37
2023-03-01,PROD0015,91,STORE0010,7,440.69,7.26,3077.57
2023-04-01,PROD0014,66,STORE0009,1,399.52,13.69,385.83
2023-05-01,PROD0007,67,STORE0009,8,161.37,42.32,1248.64
2023-06-01,PROD0020,83,STORE0002,9,424.39,16.42,3803.09
2023-07-01,PROD0012,261,STORE0009,4,292.04,25.64,1142.52
2023-08-01,PROD0016,95,STORE0002,7,192.6,10.06,1338.14
2023-09-01,PROD0020,16,STORE0005,2,458.0,11.94,904.06
2023-10-01,PROD0030,48,STORE0010,6,411.6,39.89,2429.71
2023-11-01,PROD0018,17,STORE0005,3,117.43,2.97,349.32
2023-12-01,PROD0002,62,STORE0001,5,149.25,1.55,744.7
2024-01-01,PROD0034,45,STORE0005,1,443.21,22.38,420.83
2024-02-01,PROD0048,155,STORE0002,1,236.35,36.25,200.1
2024-03-01,PROD0015,152,STORE0008,4,230.69,47.79,874.97
2024-04-01,PROD0023,205,STORE0005,1,73.92,20.63,53.29
2024-05-01,PROD0011,93,STORE0009,5,124.37,1.33,620.52
2024-06-01,PROD0018,180,STORE0006,4,246.3,34.47,950.73
2024-07-01,PROD0030,69,STORE0008,5,262.98,14.03,1300.87
2024-08-01,PROD0044,173,STORE0009,2,397.3,26.89,767.71
2024-09-01,PROD0002,252,STORE0005,1,227.93,47.61,180.32
2024-10-01,PROD0036,155,STORE0001,1,81.85,11.33,70.52
2024-11-01,PROD0004,293,STORE0009,3,157.11,3.23,468.1
2024-12-01,PROD0028,202,STORE0005,4,294.71,8.11,1170.73
2023-01-01,PROD0007,32,STORE0010,9,222.3,42.39,1958.31
2023-02-01,PROD0034,250,STORE0002,7,64.83,43.56,410.25
2023-03-01,PROD0019,239,STORE0006,1,409.81,26.36,383.45
2023-04-01,PROD0025,204,STORE0006,2,440.66,24.61,856.71
2023-05-01,PROD0020,8,STORE0006,2,169.83,38.26,301.4
2023-06-01,PROD0007,137,STORE0002,2,330.28,13.5,647.06
2023-07-01,PROD0030,15,STORE0003,4,305.1,30.46,1189.94
2023-08-01,PROD0027,251,STORE0001,9,385.59,35.15,3435.16
2023-09-01,PROD0026,283,STORE0010,1,203.91,35.34,168.57
2023-10-01,PROD0023,279,STORE0007,5,22.55,28.8,83.95
2023-11-01,PROD0047,79,STORE0003,9,253.52,26.25,2255.43
2023-12-01,PROD0044,47,STORE0002,9,229.12,16.2,2045.88
2024-01-01,PROD0024,138,STORE0009,6,111.99,35.16,636.78
2024-02-01,PROD0015,45,STORE0003,3,367.94,27.05,1076.77
2024-03-01,PROD0025,25,STORE0006,3,260.68,30.62,751.42
2024-04-01,PROD0010,254,STORE0005,1,309.33,22.93,286.4
2024-05-01,PROD0006,134,STORE0009,4,417.51,48.76,1621.28
2024-06-01,PROD0026,9,STORE0003,3,94.58,40.33,243.41
2024-07-01,PROD0007,147,STORE0002,4,85.39,24.51,317.05
2024-08-01,PROD0035,36,STORE0010,4,75.81,47.63,255.61
2024-09-01,PROD0033,74,STORE0010,5,195.04,31.27,943.93
2024-10-01,PROD0003,11,STORE0002,5,226.61,30.99,1102.06
2024-11-01,PROD0026,1,STORE0004,2,319.35,41.04,597.66
2024-12-01,PROD0028,77,STORE0002,3,139.92,10.66,409.1
2023-01-01,PROD0028,238,STORE0007,8,254.22,9.01,2024.75
2023-02-01,PROD0015,82,STORE0003,8,381.6,39.45,3013.35
2023-03-01,PROD0016,124,STORE0009,5,313.13,8.49,1557.16
2023-04-01,PROD0032,75,STORE0005,7,480.16,4.6,3356.52
2023-05-01,PROD0006,175,STORE0001,8,332.74,22.17,2639.75
2023-06-01,PROD0032,153,STORE0006,6,109.39,47.9,608.44
2023-07-01,PROD0042,180,STORE0004,7,248.53,2.14,1737.57
2023-08-01,PROD0005,28,STORE0006,1,134.82,39.03,95.79
2023-09-01,PROD0045,112,STORE0003,3,297.34,12.79,879.23
2023-10-01,PROD0048,45,STORE0009,5,100.06,6.0,494.3
2023-11-01,PROD0049,276,STORE0001,2,411.37,15.5,807.24
2023-12-01,PROD0024,82,STORE0003,2,267.19,43.62,490.76
2024-01-01,PROD0028,152,STORE0002,8,113.73,48.25,861.59
2024-02-01,PROD0020,84,STORE0006,9,470.34,29.02,4204.04
2024-03-01,PROD0012,137,STORE0005,8,496.29,12.77,3957.55
2024-04-01,PROD0024,241,STORE0008,3,489.68,21.43,1447.61
2024-05-01,PROD0020,115,STORE0008,5,193.95,4.71,965.04
2024-06-01,PROD0002,183,STORE0006,6,110.0,49.01,610.99
2024-07-01,PROD0046,82,STORE0005,2,404.46,2.44,806.48
2024-08-01,PROD0025,162,STORE0006,7,103.42,20.96,702.98
2024-09-01,PROD0001,95,STORE0010,3,75.28,26.48,199.36
2024-10-01,PROD0025,180,STORE0009,5,224.02,5.98,1114.12
2024-11-01,PROD0012,176,STORE0007,5,26.88,47.51,86.89
2024-12-01,PROD0026,193,STORE0004,3,352.93,31.05,1027.74
2023-01-01,PROD0028,216,STORE0005,1,79.63,23.9,55.73
2023-02-01,PROD0012,270,STORE0003,9,462.56,35.75,4127.29
2023-03-01,PROD0026,259,STORE0005,2,327.08,20.99,633.17
2023-04-01,PROD0048,149,STORE0004,5,43.85,9.73,209.52
2023-05-01,PROD0044,158,STORE0007,6,211.33,30.16,1237.82
2023-06-01,PROD0016,84,STORE0010,9,445.79,40.07,3972.04
2023-07-01,PROD0018,235,STORE0002,4,33.95,2.63,133.17
2023-08-01,PROD0007,110,STORE0010,8,351.41,15.47,2795.81
2023-09-01,PROD0017,143,STORE0003,4,469.97,37.84,1842.04
2023-10-01,PROD0040,175,STORE0010,4,21.08,24.34,59.98
2023-11-01,PROD0040,181,STORE0007,2,178.04,16.11,339.97
2023-12-01,PROD0007,148,STORE0007,7,75.75,13.34,516.91
2024-01-01,PROD0002,79,STORE0010,1,431.87,45.52,386.35
2024-02-01,PROD0002,25,STORE0002,5,127.43,12.2,624.95
2024-03-01,PROD0017,227,STORE0006,9,105.67,38.67,912.36
2024-04-01,PROD0041,281,STORE0009,4,229.87,27.42,892.06
2024-05-01,PROD0029,278,STORE0006,2,485.19,11.84,958.54
2024-06-01,PROD0033,124,STORE0008,7,145.47,7.45,1010.84
2024-07-01,PROD0042,253,STORE0008,9,22.19,6.45,193.26
2024-08-01,PROD0009,64,STORE0005,8,111.22,19.37,870.39
2024-09-01,PROD0031,277,STORE0003,3,58.81,46.34,130.09
2024-10-01,PROD0002,48,STORE0001,1,402.38,6.51,395.87
2024-11-01,PROD0024,70,STORE0002,6,129.89,48.82,730.52
2024-12-01,PROD0015,242,STORE0008,8,43.13,33.41,311.63
2023-01-01,PROD0009,194,STORE0001,2,462.54,42.99,882.09
2023-02-01,PROD0005,199,STORE0003,9,100.62,19.98,885.6
2023-03-01,PROD0017,17,STORE0005,1,373.72,48.26,325.46
2023-04-01,PROD0042,160,STORE0008,9,350.14,18.17,3133.09
2023-05-01,PROD0033,156,STORE0005,2,43.33,35.31,51.35
2023-06-01,PROD0006,234,STORE0002,2,189.53,33.58,345.48
2023-07-01,PROD0031,120,STORE0006,1,114.96,9.11,105.85
2023-08-01,PROD0002,173,STORE0003,5,364.42,0.54,1821.56
2023-09-01,PROD0048,205,STORE0010,1,362.1,31.89,330.21
2023-10-01,PROD0023,46,STORE0010,4,64.59,28.02,230.34
2023-11-01,PROD0044,23,STORE0004,6,184.94,12.78,1096.86
2023-12-01,PROD0044,42,STORE0006,2,455.49,36.57,874.41
2024-01-01,PROD0040,108,STORE0004,8,167.34,28.26,1310.46
2024-02-01,PROD0050,55,STORE0001,6,93.1,47.36,511.24
2024-03-01,PROD0037,13,STORE0001,7,426.59,36.02,2950.11
2024-04-01,PROD0001,183,STORE0006,3,447.29,6.98,1334.89
2024-05-01,PROD0012,220,STORE0005,2,174.12,47.22,301.02
2024-06-01,PROD0019,283,STORE0006,6,138.05,17.04,811.26
2024-07-01,PROD0048,122,STORE0009,1,33.51,21.89,11.62
2024-08-01,PROD0003,239,STORE0009,4,52.05,36.88,171.32
2024-09-01,PROD0036,1,STORE0004,4,84.29,32.93,304.23
2024-10-01,PROD0034,108,STORE0009,8,405.36,22.68,3220.2
2024-11-01,PROD0045,165,STORE0008,1,223.79,11.64,212.15
2024-12-01,PROD0030,185,STORE0008,9,189.15,14.45,1687.9
2023-01-01,PROD0013,147,STORE0008,7,412.63,46.51,2841.9
2023-02-01,PROD0021,87,STORE0007,5,206.71,6.79,1026.76
2023-03-01,PROD0008,13,STORE0002,7,29.6,47.41,159.79
2023-04-01,PROD0043,15,STORE0007,2,226.41,29.22,423.6
2023-05-01,PROD0017,61,STORE0002,6,411.88,11.18,2460.1
2023-06-01,PROD0013,14,STORE0004,4,393.21,21.87,1550.97
2023-07-01,PROD0012,19,STORE0006,9,459.48,13.53,4121.79
2023-08-01,PROD0013,8,STORE0007,6,477.95,29.28,2838.42
2023-09-01,PROD0007,180,STORE0004,7,192.24,33.09,1312.59
2023-10-01,PROD0027,254,STORE0010,8,94.14,45.55,707.57
2023-11-01,PROD0023,170,STORE0007,5,302.24,39.44,1471.76
2023-12-01,PROD0028,216,STORE0009,1,496.67,43.57,453.1
2024-01-01,PROD0044,272,STORE0009,1,139.07,47.67,91.4
2024-02-01,PROD0014,249,STORE0006,7,492.31,41.12,3405.05
2024-03-01,PROD0013,222,STORE0001,7,480.12,40.74,3320.1
2024-04-01,PROD0020,98,STORE0008,1,361.73,5.83,355.9
2024-05-01,PROD0016,87,STORE0008,4,253.32,11.64,1001.64
2024-06-01,PROD0050,4,STORE0001,1,358.54,43.04,315.5
2024-07-01,PROD0042,212,STORE0004,4,389.4,5.4,1552.2
2024-08-01,PROD0037,55,STORE0003,2,207.65,42.62,372.68
2024-09-01,PROD0037,120,STORE0005,3,288.53,16.39,849.2
2024-10-01,PROD0013,126,STORE0008,3,346.94,19.87,1020.95
2024-11-01,PROD0011,200,STORE0006,9,376.55,9.3,3379.65
2024-12-01,PROD0004,52,STORE0007,6,231.24,33.11,1354.33
2023-01-01,PROD0004,255,STORE0005,5,168.0,20.3,819.7
2023-02-01,PROD0033,26,STORE0003,2,201.93,16.31,387.55
2023-03-01,PROD0031,82,STORE0007,3,410.36,3.33,1227.75
2023-04-01,PROD0023,255,STORE0003,1,344.61,24.81,319.8
2023-05-01,PROD0045,101,STORE0002,5,491.47,5.24,2452.11
2023-06-01,PROD0036,196,STORE0007,4,156.12,8.28,616.2
2023-07-01,PROD0003,259,STORE0003,4,29.12,0.62,115.86
2023-08-01,PROD0025,182,STORE0002,6,166.22,47.95,949.37
2023-09-01,PROD0014,158,STORE0006,6,240.67,12.29,1431.73
2023-10-01,PROD0037,231,STORE0001,7,178.36,5.46,1243.06
2023-11-01,PROD0027,266,STORE0002,7,330.03,6.49,2303.72
2023-12-01,PROD0006,253,STORE0002,1,359.05,38.75,320.3
2024-01-01,PROD0036,150,STORE0009,2,295.89,45.31,546.47
2024-02-01,PROD0032,128,STORE0006,1,150.19,24.61,125.58
2024-03-01,PROD0021,33,STORE0001,9,72.94,34.07,622.39
2024-04-01,PROD0011,173,STORE0008,4,216.95,0.72,867.08
2024-05-01,PROD0002,76,STORE0001,2,373.94,34.96,712.92
2024-06-01,PROD0038,258,STORE0008,5,197.0,16.38,968.62
2024-07-01,PROD0030,242,STORE0007,7,66.92,36.59,431.85
2024-08-01,PROD0026,178,STORE0007,5,291.98,13.71,1446.19
2024-09-01,PROD0040,244,STORE0001,6,400.72,39.13,2365.19
2024-10-01,PROD0029,291,STORE0001,6,215.72,13.98,1280.34
2024-11-01,PROD0031,104,STORE0007,5,419.91,36.22,2063.33
2024-12-01,PROD0023,31,STORE0007,4,353.96,37.56,1378.28
2023-01-01,PROD0046,109,STORE0008,4,350.92,28.29,1375.39
2023-02-01,PROD0030,271,STORE0004,7,490.47,14.14,3419.15
2023-03-01,PROD0027,102,STORE0010,2,120.03,33.75,206.31
2023-04-01,PROD0015,227,STORE0008,8,226.26,42.47,1767.61
2023-05-01,PROD0027,9,STORE0001,5,349.39,8.45,1738.5
2023-06-01,PROD0005,27,STORE0009,1,163.98,1.0,162.98
2023-07-01,PROD0041,285,STORE0002,8,88.7,27.71,681.89
2023-08-01,PROD0028,296,STORE0002,4,413.36,28.76,1624.68
2023-09-01,PROD0005,275,STORE0006,8,320.83,25.92,2540.72
2023-10-01,PROD0002,50,STORE0008,9,287.23,30.78,2554.29
2023-11-01,PROD0004,178,STORE0009,4,234.44,34.57,903.19
2023-12-01,PROD0018,217,STORE0003,7,368.99,18.89,2564.04
2024-01-01,PROD0025,269,STORE0010,5,63.26,16.86,299.44
2024-02-01,PROD0016,158,STORE0003,8,137.55,21.0,1079.4
2024-03-01,PROD0028,235,STORE0004,4,152.94,39.88,571.88
2024-04-01,PROD0002,48,STORE0002,2,182.87,18.16,347.58
2024-05-01,PROD0046,275,STORE0006,6,307.83,41.65,1805.33
2024-06-01,PROD0045,288,STORE0009,2,330.74,35.66,625.82
2024-07-01,PROD0033,130,STORE0007,1,216.59,2.12,214.47
2024-08-01,PROD0039,255,STORE0002,7,415.63,32.14,2877.27
2024-09-01,PROD0022,246,STORE0006,8,49.11,45.07,347.81
2024-10-01,PROD0008,273,STORE0004,7,56.59,16.54,379.59
2024-11-01,PROD0041,180,STORE0010,6,111.47,25.18,643.64
2024-12-01,PROD0037,245,STORE0007,8,113.42,29.88,877.48
2023-01-01,PROD0011,107,STORE0006,1,270.22,46.04,224.18
2023-02-01,PROD0001,251,STORE0004,8,423.35,45.55,3341.25
2023-03-01,PROD0009,20,STORE0008,4,162.76,3.15,647.89
2023-04-01,PROD0036,68,STORE0005,3,26.09,32.49,45.78
2023-05-01,PROD0032,290,STORE0003,7,244.63,26.45,1685.96
2023-06-01,PROD0008,236,STORE0007,5,322.24,4.97,1606.23
2023-07-01,PROD0023,171,STORE0005,2,181.21,1.61,360.81
2023-08-01,PROD0040,200,STORE0007,1,108.55,46.35,62.2
2023-09-01,PROD0009,71,STORE0003,9,314.97,22.31,2812.42
2023-10-01,PROD0040,294,STORE0003,8,316.79,44.83,2489.49
2023-11-01,PROD0017,105,STORE0004,6,74.96,18.36,431.4
2023-12-01,PROD0018,183,STORE0010,8,340.44,32.65,2690.87
2024-01-01,PROD0037,190,STORE0010,7,67.07,22.57,446.92
2024-02-01,PROD0012,104,STORE0009,4,298.18,39.86,1152.86
2024-03-01,PROD0007,293,STORE0010,4,218.49,47.78,826.18
2024-04-01,PROD0003,105,STORE0007,5,74.14,14.48,356.22
2024-05-01,PROD0021,27,STORE0007,4,459.32,35.2,1802.08
2024-06-01,PROD0046,266,STORE0005,5,147.87,6.2,733.15
2024-07-01,PROD0001,162,STORE0002,4,371.61,48.23,1438.21
2024-08-01,PROD0003,206,STORE0001,3,498.8,15.64,1480.76
2024-09-01,PROD0024,271,STORE0009,4,129.6,30.2,488.2
2024-10-01,PROD0010,18,STORE0005,6,131.95,20.78,770.92
2024-11-01,PROD0040,214,STORE0008,4,38.56,10.69,143.55
2024-12-01,PROD0009,219,STORE0005,1,254.12,1.12,253.0
2023-01-01,PROD0009,83,STORE0004,6,107.53,38.0,607.18
2023-02-01,PROD0014,126,STORE0009,8,263.33,36.14,2070.5
2023-03-01,PROD0048,57,STORE0007,2,368.79,42.18,695.4
2023-04-01,PROD0036,127,STORE0006,3,141.11,4.88,418.45
2023-05-01,PROD0032,49,STORE0002,1,451.91,40.87,411.04
2023-06-01,PROD0009,221,STORE0004,7,212.96,37.87,1452.85
2023-07-01,PROD0026,72,STORE0007,1,128.83,11.35,117.48
2023-08-01,PROD0014,294,STORE0010,7,451.28,41.97,3116.99
2023-09-01,PROD0040,28,STORE0010,3,452.16,41.01,1315.47
2023-10-01,PROD0015,125,STORE0008,4,29.72,1.55,117.33
2023-11-01,PROD0020,149,STORE0004,3,165.42,3.98,492.28
2023-12-01,PROD0016,212,STORE0001,5,227.28,32.13,1104.27
2024-01-01,PROD0038,18,STORE0007,5,114.35,4.88,566.87
2024-02-01,PROD0002,131,STORE0007,2,198.27,0.35,396.19
2024-03-01,PROD0033,115,STORE0009,3,147.99,7.93,436.04
2024-04-01,PROD0041,10,STORE0005,1,150.56,42.79,107.77
2024-05-01,PROD0007,157,STORE0005,4,250.54,3.12,999.04
2024-06-01,PROD0003,8,STORE0003,6,86.67,44.04,475.98
2024-07-01,PROD0043,153,STORE0007,4,483.98,49.31,1886.61
2024-08-01,PROD0049,56,STORE0008,6,111.22,16.46,650.86
2024-09-01,PROD0015,110,STORE0010,7,85.06,43.88,551.54
2024-10-01,PROD0016,240,STORE0006,6,173.15,41.09,997.81
2024-11-01,PROD0017,80,STORE0006,6,389.86,20.18,2318.98
2024-12-01,PROD0048,183,STORE0002,1,249.5,19.7,229.8
2023-01-01,PROD0030,80,STORE0001,7,327.0,49.64,2239.36
2023-02-01,PROD0042,20,STORE0006,1,284.81,15.01,269.8
2023-03-01,PROD0048,39,STORE0001,6,51.98,34.11,277.77
2023-04-01,PROD0015,142,STORE0004,4,462.26,20.1,1828.94
2023-05-01,PROD0029,252,STORE0001,4,353.79,33.79,1381.37
2023-06-01,PROD0011,55,STORE0003,3,119.69,46.5,312.57
2023-07-01,PROD0034,152,STORE0009,7,184.79,29.26,1264.27
2023-08-01,PROD0029,183,STORE0002,5,494.57,30.22,2442.63
2023-09-01,PROD0001,175,STORE0008,9,479.7,13.21,4304.09
2023-10-01,PROD0031,231,STORE0008,6,129.65,21.35,756.55
2023-11-01,PROD0018,297,STORE0009,2,360.05,30.84,689.26
2023-12-01,PROD0044,245,STORE0006,5,399.43,26.57,1970.58
2024-01-01,PROD0029,145,STORE0004,8,343.14,35.33,2709.79
2024-02-01,PROD0033,257,STORE0005,5,381.34,35.48,1871.22
2024-03-01,PROD0015,15,STORE0003,3,83.79,33.54,217.83
2024-04-01,PROD0022,146,STORE0010,1,115.28,24.03,91.25
2024-05-01,PROD0040,80,STORE0001,2,337.16,26.11,648.21
2024-06-01,PROD0009,272,STORE0010,2,116.93,23.37,210.49
2024-07-01,PROD0025,137,STORE0002,5,307.92,29.15,1510.45
2024-08-01,PROD0012,261,STORE0001,7,49.52,18.4,328.24
2024-09-01,PROD0045,219,STORE0007,5,283.86,41.35,1377.95
2024-10-01,PROD0013,57,STORE0006,8,209.22,10.77,1662.99
2024-11-01,PROD0002,141,STORE0002,7,440.49,28.08,3055.35
2024-12-01,PROD0041,79,STORE0007,5,238.25,20.49,1170.76
2023-01-01,PROD0040,176,STORE0001,3,253.03,0.27,758.82
2023-02-01,PROD0019,116,STORE0004,3,80.43,41.78,199.51
2023-03-01,PROD0035,40,STORE0007,5,127.21,47.93,588.12
2023-04-01,PROD0023,34,STORE0010,3,175.16,36.57,488.91
2023-05-01,PROD0019,219,STORE0006,4,279.48,23.79,1094.13
2023-06-01,PROD0024,32,STORE0001,2,147.55,28.53,266.57
2023-07-01,PROD0014,131,STORE0002,2,385.7,41.59,729.81
2023-08-01,PROD0025,129,STORE0004,7,439.34,23.5,3051.88
2023-09-01,PROD0029,211,STORE0004,8,481.13,33.79,3815.25
2023-10-01,PROD0004,269,STORE0002,3,216.69,20.23,629.84
2023-11-01,PROD0043,93,STORE0005,3,256.38,37.77,731.37
2023-12-01,PROD0041,57,STORE0007,2,420.72,34.24,807.2
2024-01-01,PROD0019,44,STORE0007,2,24.34,35.6,13.08
2024-02-01,PROD0015,294,STORE0003,8,149.46,32.31,1163.37
2024-03-01,PROD0011,288,STORE0010,4,309.17,43.76,1192.92
2024-04-01,PROD0032,198,STORE0008,8,212.72,42.55,1659.21
2024-05-01,PROD0014,164,STORE0007,6,60.54,46.54,316.7
2024-06-01,PROD0050,234,STORE0001,2,446.64,15.61,877.67
2024-07-01,PROD0033,69,STORE0001,7,297.53,14.55,2068.16
2024-08-01,PROD0044,2,STORE0008,1,479.26,35.47,443.79
2024-09-01,PROD0032,59,STORE0003,6,373.38,18.92,2221.36
2024-10-01,PROD0032,237,STORE0001,6,220.69,2.06,1322.08
2024-11-01,PROD0025,62,STORE0001,1,70.93,9.19,61.74
2024-12-01,PROD0035,64,STORE0005,4,134.57,34.2,504.08
2023-01-01,PROD0040,239,STORE0007,5,238.38,45.89,1146.01
2023-02-01,PROD0042,195,STORE0003,8,379.13,17.44,3015.6
2023-03-01,PROD0041,36,STORE0010,5,452.05,10.91,2249.34
2023-04-01,PROD0011,213,STORE0007,7,374.09,7.81,2610.82
2023-05-01,PROD0033,135,STORE0008,3,95.13,46.52,238.87
2023-06-01,PROD0043,77,STORE0007,5,395.81,21.83,1957.22
2023-07-01,PROD0023,174,STORE0001,2,80.63,42.08,119.18
2023-08-01,PROD0035,258,STORE0006,8,459.62,40.69,3636.27
2023-09-01,PROD0037,230,STORE0007,7,488.87,24.35,3397.74
2023-10-01,PROD0015,67,STORE0008,6,68.32,4.85,405.07
2023-11-01,PROD0046,87,STORE0006,8,414.3,32.13,3282.27
2023-12-01,PROD0043,2,STORE0006,2,274.54,1.86,547.22
2024-01-01,PROD0029,215,STORE0005,5,106.01,40.52,489.53
2024-02-01,PROD0005,101,STORE0003,4,484.91,49.38,1890.26
2024-03-01,PROD0036,214,STORE0007,4,309.09,39.49,1196.87
2024-04-01,PROD0007,73,STORE0007,3,411.18,49.46,1184.08
2024-05-01,PROD0002,8,STORE0003,1,218.75,28.26,190.49
2024-06-01,PROD0048,281,STORE0008,3,33.41,16.83,83.4
2024-07-01,PROD0047,95,STORE0003,9,266.29,24.72,2371.89
2024-08-01,PROD0005,163,STORE0005,5,60.66,34.27,269.03
2024-09-01,PROD0024,114,STORE0003,2,187.15,34.55,339.75
2024-10-01,PROD0002,215,STORE0009,5,205.48,34.34,993.06
2024-11-01,PROD0041,65,STORE0010,8,496.84,30.62,3944.1
2024-12-01,PROD0013,108,STORE0006,6,447.29,13.22,2670.52
2023-01-01,PROD0046,276,STORE0001,9,108.66,22.81,955.13
2023-02-01,PROD0049,154,STORE0004,9,30.7,47.84,228.46
2023-03-01,PROD0040,4,STORE0002,9,205.19,38.15,1808.56
2023-04-01,PROD0006,265,STORE0007,1,127.03,28.09,98.94
2023-05-01,PROD0049,237,STORE0008,7,250.68,5.2,1749.56
2023-06-01,PROD0011,49,STORE0002,5,232.21,15.62,1145.43
2023-07-01,PROD0033,300,STORE0007,5,355.39,21.76,1755.19
2023-08-01,PROD0038,132,STORE0003,3,97.91,25.36,268.37
2023-09-01,PROD0049,226,STORE0007,7,131.77,29.57,892.82
2023-10-01,PROD0007,25,STORE0009,5,453.9,15.82,2253.68
2023-11-01,PROD0050,152,STORE0004,9,189.66,14.91,1692.03
2023-12-01,PROD0041,73,STORE0010,6,110.24,35.94,625.5
2024-01-01,PROD0026,298,STORE0001,1,403.27,23.06,380.21
2024-02-01,PROD0022,106,STORE0004,7,259.47,8.71,1807.58
2024-03-01,PROD0008,235,STORE0005,7,265.95,9.53,1852.12
2024-04-01,PROD0033,62,STORE0001,6,478.04,10.51,2857.73
2024-05-01,PROD0035,269,STORE0004,6,75.3,9.8,442.0
2024-06-01,PROD0027,56,STORE0002,3,250.14,49.04,701.38
2024-07-01,PROD0045,253,STORE0001,4,26.87,36.58,70.9
2024-08-01,PROD0046,253,STORE0010,4,188.7,43.96,710.84
2024-09-01,PROD0001,167,STORE0008,9,65.18,39.65,546.97
2024-10-01,PROD0045,214,STORE0009,8,105.39,37.53,805.59
2024-11-01,PROD0011,31,STORE0004,7,189.92,23.2,1306.24
2024-12-01,PROD0014,81,STORE0007,8,231.46,32.78,1818.9
2023-01-01,PROD0041,5,STORE0005,3,443.12,24.33,1305.03
2023-02-01,PROD0014,176,STORE0009,3,38.89,24.51,92.16
2023-03-01,PROD0016,108,STORE0005,1,369.02,2.65,366.37
2023-04-01,PROD0047,181,STORE0003,7,190.89,26.5,1309.73
2023-05-01,PROD0032,146,STORE0008,3,389.44,26.93,1141.39
2023-06-01,PROD0007,245,STORE0010,9,448.24,42.58,3991.58
2023-07-01,PROD0046,221,STORE0009,4,368.64,9.27,1465.29
2023-08-01,PROD0016,174,STORE0004,3,196.38,5.82,583.32
2023-09-01,PROD0017,134,STORE0003,6,100.76,20.59,583.97
2023-10-01,PROD0021,23,STORE0002,1,438.12,41.1,397.02
2023-11-01,PROD0035,165,STORE0001,1,370.55,35.25,335.3
2023-12-01,PROD0004,295,STORE0004,3,454.8,47.33,1317.07
2024-01-01,PROD0011,68,STORE0006,2,328.27,24.85,631.69
2024-02-01,PROD0014,157,STORE0007,5,169.18,35.0,810.9
2024-03-01,PROD0035,178,STORE0002,7,414.03,20.47,2877.74
2024-04-01,PROD0012,292,STORE0009,1,172.56,39.7,132.86
2024-05-01,PROD0033,140,STORE0008,2,213.02,5.81,420.23
2024-06-01,PROD0023,147,STORE0005,5,244.73,1.94,1221.71
2024-07-01,PROD0017,67,STORE0010,5,171.51,47.48,810.07
2024-08-01,PROD0021,74,STORE0010,7,139.97,0.21,979.58
2024-09-01,PROD0005,259,STORE0007,8,250.15,3.45,1997.75
2024-10-01,PROD0028,150,STORE0008,3,496.31,11.09,1477.84
2024-11-01,PROD0018,265,STORE0004,7,151.31,18.81,1040.36
2024-12-01,PROD0048,193,STORE0003,1,54.61,13.47,41.14
2023-01-01,PROD0032,37,STORE0009,6,364.83,36.63,2152.35
2023-02-01,PROD0021,243,STORE0005,7,223.07,43.94,1517.55
2023-03-01,PROD0003,265,STORE0006,2,326.63,12.63,640.63
2023-04-01,PROD0016,32,STORE0010,5,220.53,36.94,1065.71
2023-05-01,PROD0038,9,STORE0003,9,105.58,6.12,944.1
2023-06-01,PROD0017,288,STORE0001,5,317.29,23.72,1562.73
2023-07-01,PROD0045,4,STORE0006,1,265.63,27.91,237.72
2023-08-01,PROD0006,189,STORE0003,7,324.87,5.29,2268.8
2023-09-01,PROD0029,172,STORE0006,8,29.34,19.27,215.45
2023-10-01,PROD0028,175,STORE0001,4,281.01,48.54,1075.5
2023-11-01,PROD0030,258,STORE0007,5,475.07,44.24,2331.11
2023-12-01,PROD0008,260,STORE0007,9,43.03,20.86,366.41
2024-01-01,PROD0008,236,STORE0001,5,291.11,41.81,1413.74
2024-02-01,PROD0015,115,STORE0010,2,94.02,31.27,156.77
2024-03-01,PROD0045,275,STORE0009,3,385.17,28.18,1127.33
2024-04-01,PROD0012,9,STORE0003,2,357.55,29.82,685.28
2024-05-01,PROD0011,193,STORE0008,3,267.81,32.37,771.06
2024-06-01,PROD0013,275,STORE0006,3,353.62,14.01,1046.85
2024-07-01,PROD0010,146,STORE0010,9,224.31,0.25,2018.54
2024-08-01,PROD0015,126,STORE0010,1,251.12,10.74,240.38
2024-09-01,PROD0045,144,STORE0007,3,387.75,14.0,1149.25
2024-10-01,PROD0012,267,STORE0003,3,357.52,23.61,1048.95
2024-11-01,PROD0048,104,STORE0007,7,451.04,8.92,3148.36
2024-12-01,PROD0003,8,STORE0009,1,425.89,5.81,420.08
2023-01-01,PROD0012,187,STORE0002,7,106.17,25.83,717.36
2023-02-01,PROD0043,68,STORE0002,7,375.39,15.1,2612.63
2023-03-01,PROD0017,78,STORE0004,4,67.06,33.44,234.8
2023-04-01,PROD0002,300,STORE0007,5,417.76,44.99,2043.81
2023-05-01,PROD0012,189,STORE0004,5,262.69,16.71,1296.74
2023-06-01,PROD0023,218,STORE0009,6,470.55,26.08,2797.22
2023-07-01,PROD0006,178,STORE0009,1,157.55,1.26,156.29
2023-08-01,PROD0003,132,STORE0001,7,234.72,11.97,1631.07
2023-09-01,PROD0006,129,STORE0005,9,233.31,29.22,2070.57
2023-10-01,PROD0040,174,STORE0008,9,120.78,2.53,1084.49
2023-11-01,PROD0019,296,STORE0006,2,52.58,35.75,69.41
2023-12-01,PROD0017,206,STORE0005,2,300.49,15.11,585.87
2024-01-01,PROD0019,93,STORE0001,7,155.74,0.34,1089.84
2024-02-01,PROD0016,252,STORE0007,7,25.81,2.84,177.83
2024-03-01,PROD0016,206,STORE0005,8,205.73,32.03,1613.81
2024-04-01,PROD0038,148,STORE0002,9,165.73,8.85,1482.72
2024-05-01,PROD0042,112,STORE0009,9,154.67,21.64,1370.39
2024-06-01,PROD0021,120,STORE0003,5,25.83,19.36,109.79
2024-07-01,PROD0012,164,STORE0006,1,142.12,40.86,101.26
2024-08-01,PROD0047,24,STORE0004,2,372.86,15.85,729.87
2024-09-01,PROD0020,153,STORE0003,6,262.08,39.77,1532.71
2024-10-01,PROD0045,175,STORE0001,9,231.53,0.71,2083.06
2024-11-01,PROD0025,232,STORE0001,8,363.03,12.22,2892.02
2024-12-01,PROD0009,216,STORE0010,8,35.81,40.37,246.11
2023-01-01,PROD0013,275,STORE0007,2,225.76,43.83,407.69
2023-02-01,PROD0038,128,STORE0008,9,22.79,29.74,175.37
2023-03-01,PROD0018,97,STORE0002,7,278.7,16.91,1933.99
2023-04-01,PROD0040,122,STORE0009,5,216.84,16.24,1067.96
2023-05-01,PROD0048,84,STORE0004,2,206.49,33.31,379.67
2023-06-01,PROD0048,109,STORE0008,6,125.79,22.21,732.53
2023-07-01,PROD0034,20,STORE0010,2,119.58,26.6,212.56
2023-08-01,PROD0022,64,STORE0001,4,263.97,25.64,1030.24
2023-09-01,PROD0050,19,STORE0009,4,220.64,46.9,835.66
2023-10-01,PROD0004,103,STORE0009,1,44.71,25.64,19.07
2023-11-01,PROD0009,162,STORE0010,5,94.94,27.23,447.47
2023-12-01,PROD0037,193,STORE0010,4,207.88,4.73,826.79
2024-01-01,PROD0012,71,STORE0002,8,75.52,2.6,601.56
2024-02-01,PROD0012,11,STORE0003,1,127.63,48.3,79.33
2024-03-01,PROD0044,53,STORE0003,8,80.61,7.67,637.21
2024-04-01,PROD0037,9,STORE0007,5,432.58,25.17,2137.73
2024-05-01,PROD0032,263,STORE0001,4,499.05,29.58,1966.62
2024-06-01,PROD0025,104,STORE0001,1,224.6,37.36,187.24
2024-07-01,PROD0025,237,STORE0004,3,356.72,10.1,1060.06
2024-08-01,PROD0021,161,STORE0007,6,175.79,26.42,1028.32
2024-09-01,PROD0043,50,STORE0003,4,148.43,24.57,569.15
2024-10-01,PROD0023,118,STORE0009,2,300.88,20.46,581.3
2024-11-01,PROD0005,253,STORE0006,6,277.4,45.66,1618.74
2024-12-01,PROD0041,164,STORE0004,8,114.41,47.2,868.08
2023-01-01,PROD0047,6,STORE0008,6,49.51,40.7,256.36
2023-02-01,PROD0016,143,STORE0010,2,455.67,17.86,893.48
2023-03-01,PROD0046,268,STORE0001,2,393.87,0.66,787.08
2023-04-01,PROD0048,68,STORE0008,5,341.33,32.65,1674.0
2023-05-01,PROD0028,163,STORE0004,6,403.51,11.31,2409.75
2023-06-01,PROD0038,48,STORE0006,6,29.2,16.44,158.76
2023-07-01,PROD0018,48,STORE0009,1,376.22,30.08,346.14
2023-08-01,PROD0029,74,STORE0001,8,198.38,34.9,1552.14
2023-09-01,PROD0041,24,STORE0004,5,37.78,47.37,141.53
2023-10-01,PROD0023,28,STORE0004,7,48.39,37.74,300.99
2023-11-01,PROD0007,267,STORE0003,1,180.7,4.87,175.83
2023-12-01,PROD0050,237,STORE0009,4,167.88,39.21,632.31
2024-01-01,PROD0012,218,STORE0004,3,130.94,13.77,379.05
2024-02-01,PROD0039,241,STORE0001,4,137.23,31.05,517.87
2024-03-01,PROD0049,155,STORE0008,9,242.41,46.52,2135.17
2024-04-01,PROD0040,76,STORE0006,7,138.93,21.63,950.88
2024-05-01,PROD0006,152,STORE0009,6,207.22,2.24,1241.08
2024-06-01,PROD0044,260,STORE0005,3,92.3,2.55,274.35
2024-07-01,PROD0023,260,STORE0004,9,394.43,41.97,3507.9
2024-08-01,PROD0001,175,STORE0009,3,401.57,14.79,1189.92
2024-09-01,PROD0032,257,STORE0004,5,92.54,37.89,424.81
2024-10-01,PROD0002,201,STORE0006,3,327.17,2.59,978.92
2024-11-01,PROD0041,115,STORE0006,9,180.04,40.02,1580.34
2024-12-01,PROD0038,162,STORE0005,1,441.4,30.68,410.72
2023-01-01,PROD0038,167,STORE0002,2,272.13,43.04,501.22
2023-02-01,PROD0047,39,STORE0009,7,78.38,45.69,502.97
2023-03-01,PROD0012,141,STORE0002,8,455.91,37.06,3610.22
2023-04-01,PROD0042,61,STORE0005,9,308.16,28.53,2744.91
2023-05-01,PROD0041,250,STORE0006,5,282.08,16.38,1394.02
2023-06-01,PROD0014,211,STORE0001,8,390.39,44.88,3078.24
2023-07-01,PROD0031,299,STORE0007,5,447.28,28.57,2207.83
2023-08-01,PROD0040,90,STORE0007,1,85.61,37.43,48.18
2023-09-01,PROD0010,142,STORE0003,2,280.1,32.37,527.83
2023-10-01,PROD0005,114,STORE0007,8,466.75,13.06,3720.94
2023-11-01,PROD0019,277,STORE0009,8,35.82,34.71,251.85
2023-12-01,PROD0024,131,STORE0004,1,99.13,40.08,59.05
2024-01-01,PROD0024,79,STORE0007,9,389.24,47.03,3456.13
2024-02-01,PROD0023,105,STORE0006,5,468.86,29.02,2315.28
2024-03-01,PROD0024,257,STORE0006,9,50.52,49.4,405.28
2024-04-01,PROD0032,88,STORE0009,2,281.07,9.07,553.07
2024-05-01,PROD0039,49,STORE0004,1,447.02,43.16,403.86
2024-06-01,PROD0014,9,STORE0004,8,122.09,4.68,972.04
2024-07-01,PROD0038,272,STORE0009,6,41.55,44.53,204.77
2024-08-01,PROD0046,9,STORE0008,9,233.83,48.31,2056.16
2024-09-01,PROD0041,21,STORE0008,8,184.57,21.19,1455.37
2024-10-01,PROD0046,267,STORE0002,9,268.34,40.73,2374.33
2024-11-01,PROD0034,278,STORE0007,6,89.64,41.55,496.29
2024-12-01,PROD0048,65,STORE0009,4,283.21,31.93,1100.91
2023-01-01,PROD0033,163,STORE0008,6,45.36,47.3,224.86
2023-02-01,PROD0035,266,STORE0006,8,464.65,41.84,3675.36
2023-03-01,PROD0009,170,STORE0001,6,262.68,0.04,1576.04
2023-04-01,PROD0025,25,STORE0004,1,452.89,40.7,412.19
2023-05-01,PROD0050,285,STORE0007,9,181.9,34.09,1603.01
2023-06-01,PROD0036,194,STORE0008,2,23.68,20.86,26.5
2023-07-01,PROD0030,34,STORE0006,1,116.78,43.65,73.13
2023-08-01,PROD0031,156,STORE0009,8,439.08,47.01,3465.63
2023-09-01,PROD0018,71,STORE0004,1,280.56,12.46,268.1
2023-10-01,PROD0007,233,STORE0010,4,402.05,36.22,1571.98
2023-11-01,PROD0041,230,STORE0001,8,110.19,45.96,835.56
2023-12-01,PROD0049,85,STORE0003,1,161.55,14.76,146.79
2024-01-01,PROD0036,96,STORE0009,1,278.3,6.26,272.04
2024-02-01,PROD0031,169,STORE0010,3,343.73,36.54,994.65
2024-03-01,PROD0017,63,STORE0001,6,446.34,49.97,2628.07
2024-04-01,PROD0008,250,STORE0006,1,453.66,31.42,422.24
2024-05-01,PROD0008,256,STORE0006,9,384.57,3.84,3457.29
2024-06-01,PROD0002,220,STORE0001,3,463.51,2.79,1387.74
2024-07-01,PROD0002,218,STORE0007,8,122.51,28.12,951.96
2024-08-01,PROD0015,255,STORE0007,3,153.21,48.49,411.14
2024-09-01,PROD0047,25,STORE0007,3,273.3,1.42,818.48
2024-10-01,PROD0015,202,STORE0003,4,207.38,21.64,807.88
2024-11-01,PROD0002,268,STORE0004,2,458.18,25.97,890.39
2024-12-01,PROD0031,118,STORE0002,9,381.9,38.66,3398.44
2023-01-01,PROD0045,269,STORE0003,4,173.03,36.57,655.55
2023-02-01,PROD0020,192,STORE0007,7,69.96,22.91,466.81
2023-03-01,PROD0017,47,STORE0007,1,326.73,38.62,288.11
2023-04-01,PROD0046,81,STORE0002,1,336.15,12.03,324.12
2023-05-01,PROD0040,253,STORE0007,7,263.45,41.43,1802.72
2023-06-01,PROD0017,276,STORE0003,2,391.93,22.26,761.6
2023-07-01,PROD0006,93,STORE0002,9,242.2,7.0,2172.8
2023-08-01,PROD0043,63,STORE0006,6,403.11,0.32,2418.34
2023-09-01,PROD0026,146,STORE0002,7,58.11,45.64,361.13
2023-10-01,PROD0025,109,STORE0010,4,72.84,29.73,261.63
2023-11-01,PROD0033,9,STORE0010,8,354.29,2.92,2831.4
2023-12-01,PROD0009,162,STORE0005,2,225.49,44.04,406.94
2024-01-01,PROD0043,295,STORE0009,2,489.77,41.27,938.27
2024-02-01,PROD0016,266,STORE0003,2,147.8,21.21,274.39
2024-03-01,PROD0018,186,STORE0008,8,114.34,22.12,892.6
2024-04-01,PROD0049,264,STORE0005,8,192.93,32.21,1511.23
2024-05-01,PROD0014,90,STORE0007,9,37.81,49.67,290.62
2024-06-01,PROD0026,283,STORE0004,3,467.85,30.97,1372.58
2024-07-01,PROD0042,112,STORE0008,8,258.48,28.91,2038.93
2024-08-01,PROD0017,59,STORE0008,4,270.83,11.21,1072.11
2024-09-01,PROD0050,29,STORE0001,9,136.72,49.53,1180.95
2024-10-01,PROD0016,130,STORE0006,7,431.55,43.14,2977.71
2024-11-01,PROD0010,161,STORE0001,7,268.85,7.74,1874.21
2024-12-01,PROD0003,34,STORE0007,9,172.01,40.31,1507.78
2023-01-01,PROD0028,249,STORE0006,7,400.05,40.62,2759.73
2023-02-01,PROD0021,300,STORE0007,9,403.93,41.22,3594.15
2023-03-01,PROD0011,162,STORE0003,5,356.38,48.18,1733.72
2023-04-01,PROD0040,176,STORE0004,3,373.96,15.54,1106.34
2023-05-01,PROD0032,59,STORE0006,9,424.88,8.39,3815.53
2023-06-01,PROD0025,66,STORE0008,3,173.12,2.4,516.96
2023-07-01,PROD0015,130,STORE0003,6,126.04,5.7,750.54
2023-08-01,PROD0034,150,STORE0003,3,25.23,47.31,28.38
2023-09-01,PROD0018,213,STORE0001,8,345.16,41.88,2719.4
2023-10-01,PROD0017,207,STORE0005,8,217.14,36.49,1700.63
2023-11-01,PROD0029,68,STORE0005,6,411.98,39.48,2432.4
2023-12-01,PROD0016,209,STORE0004,6,232.89,38.64,1358.7
2024-01-01,PROD0024,112,STORE0009,1,361.57,46.99,314.58
2024-02-01,PROD0024,198,STORE0009,4,294.9,28.86,1150.74
2024-03-01,PROD0022,213,STORE0008,5,440.71,31.25,2172.3
2024-04-01,PROD0008,157,STORE0005,7,69.45,24.42,461.73
2024-05-01,PROD0005,117,STORE0004,1,319.61,18.17,301.44
2024-06-01,PROD0026,268,STORE0001,2,238.18,17.75,458.61
2024-07-01,PROD0031,253,STORE0003,3,336.13,15.77,992.62
2024-08-01,PROD0003,259,STORE0003,3,417.83,42.58,1210.91
2024-09-01,PROD0003,137,STORE0002,1,449.9,30.62,419.28
2024-10-01,PROD0043,86,STORE0001,3,252.99,20.44,738.53
2024-11-01,PROD0039,146,STORE0006,4,283.08,16.02,1116.3
2024-12-01,PROD0003,114,STORE0001,2,118.74,19.0,218.48
2023-01-01,PROD0005,282,STORE0005,2,429.52,6.5,852.54
2023-02-01,PROD0013,54,STORE0004,4,320.19,36.87,1243.89
2023-03-01,PROD0023,160,STORE0003,9,203.88,15.51,1819.41
2023-04-01,PROD0018,207,STORE0010,8,495.68,23.73,3941.71
2023-05-01,PROD0006,262,STORE0005,8,322.33,23.55,2555.09
2023-06-01,PROD0014,183,STORE0002,6,204.76,23.46,1205.1
2023-07-01,PROD0037,228,STORE0006,9,197.44,50.0,1726.96
2023-08-01,PROD0001,279,STORE0002,9,211.27,37.9,1863.53
2023-09-01,PROD0004,175,STORE0003,6,68.44,31.73,378.91
2023-10-01,PROD0016,260,STORE0004,3,149.57,17.64,431.07
2023-11-01,PROD0047,244,STORE0002,4,42.21,15.05,153.79
2023-12-01,PROD0022,136,STORE0004,4,198.45,36.37,757.43
2024-01-01,PROD0008,9,STORE0008,5,413.77,26.39,2042.46
2024-02-01,PROD0015,60,STORE0010,4,297.99,46.23,1145.73
2024-03-01,PROD0020,191,STORE0003,2,246.13,38.37,453.89
2024-04-01,PROD0035,92,STORE0009,8,95.73,7.85,757.99
2024-05-01,PROD0039,85,STORE0006,9,68.68,8.51,609.61
2024-06-01,PROD0013,224,STORE0006,6,189.96,19.94,1119.82
2024-07-01,PROD0001,105,STORE0009,1,330.59,31.03,299.56
2024-08-01,PROD0024,186,STORE0003,1,369.52,14.42,355.1
2024-09-01,PROD0035,109,STORE0010,4,306.87,30.56,1196.92
2024-10-01,PROD0006,246,STORE0010,7,243.35,15.44,1688.01
2024-11-01,PROD0010,226,STORE0008,6,164.49,46.29,940.65
2024-12-01,PROD0032,36,STORE0004,3,279.45,41.98,796.37
2023-01-01,PROD0019,20,STORE0009,9,400.46,5.76,3598.38
2023-02-01,PROD0046,149,STORE0006,7,41.31,1.69,287.48
2023-03-01,PROD0037,108,STORE0004,9,36.42,20.74,307.04
2023-04-01,PROD0024,274,STORE0003,4,462.66,44.4,1806.24
2023-05-01,PROD0042,87,STORE0008,8,57.33,22.09,436.55
2023-06-01,PROD0046,19,STORE0006,7,385.74,12.69,2687.49
2023-07-01,PROD0038,279,STORE0004,1,274.24,41.52,232.72
2023-08-01,PROD0036,27,STORE0006,1,51.84,29.22,22.62
2023-09-01,PROD0050,35,STORE0008,2,206.88,35.58,378.18
2023-10-01,PROD0036,168,STORE0006,5,180.55,40.1,862.65
2023-11-01,PROD0008,18,STORE0001,7,301.62,3.37,2107.97
2023-12-01,PROD0001,138,STORE0006,1,404.6,11.35,393.25
2024-01-01,PROD0018,269,STORE0001,6,468.23,41.1,2768.28
2024-02-01,PROD0004,148,STORE0007,7,406.31,9.02,2835.15
2024-03-01,PROD0047,45,STORE0010,8,268.0,4.44,2139.56
2024-04-01,PROD0028,177,STORE0004,6,102.85,31.52,585.58
2024-05-01,PROD0003,28,STORE0006,7,291.36,23.58,2015.94
2024-06-01,PROD0004,155,STORE0003,2,370.87,39.43,702.31
2024-07-01,PROD0041,295,STORE0007,4,491.44,16.33,1949.43
2024-08-01,PROD0047,67,STORE0006,9,195.37,24.57,1733.76
2024-09-01,PROD0030,114,STORE0009,3,451.85,1.25,1354.3
2024-10-01,PROD0018,150,STORE0004,2,225.23,49.05,401.41
2024-11-01,PROD0020,217,STORE0006,4,256.54,7.88,1018.28
2024-12-01,PROD0043,135,STORE0003,6,440.56,25.49,2617.87
2023-01-01,PROD0040,260,STORE0009,2,332.74,28.42,637.06
2023-02-01,PROD0045,174,STORE0006,5,175.19,17.57,858.38
2023-03-01,PROD0041,243,STORE0001,8,96.4,4.3,766.9
2023-04-01,PROD0036,282,STORE0010,4,412.21,12.25,1636.59
2023-05-01,PROD0013,162,STORE0006,2,92.28,46.01,138.55
2023-06-01,PROD0011,32,STORE0003,2,72.53,8.46,136.6
2023-07-01,PROD0028,260,STORE0005,6,483.95,13.02,2890.68
2023-08-01,PROD0039,175,STORE0004,4,476.57,9.69,1896.59
2023-09-01,PROD0026,91,STORE0010,8,457.8,32.14,3630.26
2023-10-01,PROD0042,24,STORE0007,7,229.49,42.95,1563.48
2023-11-01,PROD0029,99,STORE0009,5,360.23,26.93,1774.22
2023-12-01,PROD0001,203,STORE0004,4,247.66,42.4,948.24
2024-01-01,PROD0031,278,STORE0002,3,181.49,40.9,503.57
2024-02-01,PROD0006,238,STORE0007,5,268.5,25.85,1316.65
2024-03-01,PROD0009,175,STORE0010,9,390.35,36.0,3477.15
2024-04-01,PROD0015,184,STORE0004,6,151.39,34.94,873.4
2024-05-01,PROD0047,274,STORE0005,2,472.24,31.45,913.03
2024-06-01,PROD0017,107,STORE0008,6,196.34,40.64,1137.4
2024-07-01,PROD0018,134,STORE0008,2,374.73,46.57,702.89
2024-08-01,PROD0033,107,STORE0006,8,341.24,32.35,2697.57
2024-09-01,PROD0033,63,STORE0006,7,255.7,39.24,1750.66
2024-10-01,PROD0033,20,STORE0008,4,422.23,28.58,1660.34
2024-11-01,PROD0015,240,STORE0010,2,377.36,19.05,735.67
2024-12-01,PROD0032,192,STORE0008,6,69.67,3.63,414.39
2023-01-01,PROD0032,249,STORE0006,8,436.02,23.79,3464.37
2023-02-01,PROD0042,191,STORE0006,3,141.13,39.48,383.91
2023-03-01,PROD0013,199,STORE0006,2,241.52,31.21,451.83
2023-04-01,PROD0029,205,STORE0006,5,478.15,20.21,2370.54
2023-05-01,PROD0042,75,STORE0008,6,199.68,17.19,1180.89
2023-06-01,PROD0013,185,STORE0001,7,471.43,33.92,3266.09
2023-07-01,PROD0018,8,STORE0004,7,125.37,23.21,854.38
2023-08-01,PROD0002,18,STORE0008,2,24.73,21.53,27.93
2023-09-01,PROD0026,122,STORE0009,4,431.85,48.76,1678.64
2023-10-01,PROD0018,59,STORE0008,9,193.75,12.05,1731.7
2023-11-01,PROD0045,104,STORE0010,2,410.46,38.11,782.81
2023-12-01,PROD0014,81,STORE0010,1,436.52,3.99,432.53
2024-01-01,PROD0011,274,STORE0005,4,230.22,42.26,878.62
2024-02-01,PROD0012,57,STORE0007,5,24.09,33.53,86.92
2024-03-01,PROD0012,4,STORE0008,1,146.7,18.07,128.63
2024-04-01,PROD0015,74,STORE0002,9,240.73,25.98,2140.59
2024-05-01,PROD0049,72,STORE0005,5,320.05,17.42,1582.83
2024-06-01,PROD0020,107,STORE0004,8,26.4,44.52,166.68
2024-07-01,PROD0019,23,STORE0002,4,63.38,42.02,211.5
2024-08-01,PROD0013,156,STORE0009,1,484.26,37.06,447.2
2024-09-01,PROD0012,172,STORE0006,8,306.75,33.69,2420.31
2024-10-01,PROD0027,177,STORE0009,6,293.64,18.47,1743.37
2024-11-01,PROD0009,197,STORE0001,1,379.13,40.96,338.17
2024-12-01,PROD0015,258,STORE0006,9,66.13,0.4,594.77
2023-01-01,PROD0004,127,STORE0006,6,341.7,28.48,2021.72
2023-02-01,PROD0035,176,STORE0009,6,483.82,32.95,2869.97
2023-03-01,PROD0011,241,STORE0008,4,149.27,7.18,589.9
2023-04-01,PROD0048,249,STORE0006,7,213.02,20.53,1470.61
2023-05-01,PROD0003,198,STORE0001,5,22.18,46.83,64.07
2023-06-01,PROD0001,244,STORE0006,1,385.95,11.43,374.52
2023-07-01,PROD0014,73,STORE0008,7,55.46,15.33,372.89
2023-08-01,PROD0007,206,STORE0005,6,387.91,4.95,2322.51
2023-09-01,PROD0011,48,STORE0003,6,166.22,28.58,968.74
2023-10-01,PROD0039,102,STORE0003,7,360.4,2.98,2519.82
2023-11-01,PROD0009,185,STORE0006,6,387.96,42.0,2285.76
2023-12-01,PROD0016,220,STORE0008,5,245.81,10.88,1218.17
2024-01-01,PROD0029,16,STORE0010,1,106.91,5.12,101.79
2024-02-01,PROD0044,292,STORE0005,2,415.15,14.15,816.15
2024-03-01,PROD0013,120,STORE0001,6,45.66,23.97,249.99
2024-04-01,PROD0017,46,STORE0004,7,311.57,13.26,2167.73
2024-05-01,PROD0009,135,STORE0002,8,205.11,13.29,1627.59
2024-06-01,PROD0011,102,STORE0007,3,361.93,21.08,1064.71
2024-07-01,PROD0033,298,STORE0002,9,93.78,28.17,815.85
2024-08-01,PROD0026,146,STORE0009,6,296.19,6.59,1770.55
2024-09-01,PROD0032,273,STORE0007,6,444.92,19.22,2650.3
2024-10-01,PROD0039,14,STORE0004,3,83.6,21.98,228.82
2024-11-01,PROD0027,155,STORE0007,9,261.58,16.48,2337.74
2024-12-01,PROD0005,272,STORE0006,8,476.21,29.79,3779.89
2023-01-01,PROD0010,279,STORE0004,4,400.6,9.64,1592.76
2023-02-01,PROD0041,154,STORE0002,5,391.12,34.11,1921.49
2023-03-01,PROD0036,150,STORE0007,2,114.96,35.43,194.49
2023-04-01,PROD0012,111,STORE0009,1,491.19,13.54,477.65
2023-05-01,PROD0006,49,STORE0010,7,464.4,49.86,3200.94
2023-06-01,PROD0050,255,STORE0001,1,142.01,47.08,94.93
2023-07-01,PROD0034,257,STORE0005,8,448.61,30.19,3558.69
2023-08-01,PROD0004,7,STORE0006,1,449.3,0.68,448.62
2023-09-01,PROD0023,101,STORE0002,7,491.76,7.86,3434.46
2023-10-01,PROD0049,90,STORE0010,1,71.43,45.51,25.92
2023-11-01,PROD0005,143,STORE0010,7,303.14,33.34,2088.64
2023-12-01,PROD0030,78,STORE0006,8,279.16,26.09,2207.19
2024-01-01,PROD0048,173,STORE0008,4,287.77,3.12,1147.96
2024-02-01,PROD0025,134,STORE0008,7,358.84,20.97,2490.91
2024-03-01,PROD0002,113,STORE0008,7,281.05,1.73,1965.62
2024-04-01,PROD0010,227,STORE0008,7,139.01,15.45,957.62
2024-05-01,PROD0009,175,STORE0001,9,201.76,32.43,1783.41
2024-06-01,PROD0009,250,STORE0007,4,217.67,24.37,846.31
2024-07-01,PROD0028,35,STORE0006,9,289.8,21.89,2586.31
2024-08-01,PROD0020,140,STORE0006,8,358.07,26.93,2837.63
2024-09-01,PROD0023,271,STORE0003,4,426.7,42.02,1664.78
2024-10-01,PROD0002,264,STORE0008,6,85.1,2.21,508.39
2024-11-01,PROD0047,120,STORE0001,4,220.55,39.76,842.44
2024-12-01,PROD0028,191,STORE0003,4,450.36,48.93,1752.51
2023-01-01,PROD0004,28,STORE0002,8,307.47,33.84,2425.92
2023-02-01,PROD0016,4,STORE0010,4,486.42,16.4,1929.28
2023-03-01,PROD0024,35,STORE0009,2,431.24,19.88,842.6
2023-04-01,PROD0026,123,STORE0008,6,143.49,29.76,831.18
2023-05-01,PROD0010,222,STORE0003,7,254.32,1.79,1778.45
2023-06-01,PROD0007,6,STORE0007,6,488.08,40.12,2888.36
2023-07-01,PROD0016,202,STORE0004,6,471.31,41.51,2786.35
2023-08-01,PROD0028,18,STORE0010,9,448.39,16.26,4019.25
2023-09-01,PROD0046,222,STORE0001,7,29.88,23.12,186.04
2023-10-01,PROD0029,234,STORE0010,1,443.07,6.17,436.9
2023-11-01,PROD0033,193,STORE0006,4,197.77,33.46,757.62
2023-12-01,PROD0004,135,STORE0001,6,223.52,7.99,1333.13
2024-01-01,PROD0048,151,STORE0004,2,451.98,26.25,877.71
2024-02-01,PROD0005,108,STORE0005,9,41.44,11.71,361.25
2024-03-01,PROD0041,149,STORE0007,2,272.92,19.96,525.88
2024-04-01,PROD0002,90,STORE0005,6,80.63,19.11,464.67
2024-05-01,PROD0013,249,STORE0003,8,479.63,47.5,3789.54
2024-06-01,PROD0024,207,STORE0004,9,83.51,7.37,744.22
2024-07-01,PROD0021,201,STORE0010,8,397.36,36.39,3142.49
2024-08-01,PROD0014,103,STORE0008,3,96.27,28.62,260.19
2024-09-01,PROD0049,211,STORE0007,9,295.02,7.6,2647.58
2024-10-01,PROD0002,47,STORE0007,1,174.98,26.66,148.32
2024-11-01,PROD0037,156,STORE0008,3,404.12,27.51,1184.85
2024-12-01,PROD0047,265,STORE0006,7,341.03,24.09,2363.12
2023-01-01,PROD0004,281,STORE0004,1,447.17,24.59,422.58
2023-02-01,PROD0009,216,STORE0007,5,401.75,49.78,1958.97
2023-03-01,PROD0041,10,STORE0002,7,258.47,34.27,1775.02
2023-04-01,PROD0026,258,STORE0010,5,303.35,3.96,1512.79
2023-05-01,PROD0050,116,STORE0010,8,449.57,29.45,3567.11
2023-06-01,PROD0003,163,STORE0003,3,336.47,5.55,1003.86
2023-07-01,PROD0018,69,STORE0006,8,270.25,5.49,2156.51
2023-08-01,PROD0037,72,STORE0004,9,255.16,46.11,2250.33
2023-09-01,PROD0011,65,STORE0001,1,91.89,21.32,70.57
2023-10-01,PROD0033,287,STORE0006,6,104.94,11.64,618.0
2023-11-01,PROD0028,159,STORE0004,6,166.21,42.4,954.86
2023-12-01,PROD0009,286,STORE0002,6,279.95,27.8,1651.9
2024-01-01,PROD0016,59,STORE0009,3,352.26,27.59,1029.19
2024-02-01,PROD0018,294,STORE0010,2,414.61,13.1,816.12
2024-03-01,PROD0004,65,STORE0002,8,474.35,25.1,3769.7
2024-04-01,PROD0038,112,STORE0003,5,184.41,33.3,888.75
2024-05-01,PROD0014,228,STORE0007,7,355.32,31.46,2455.78
2024-06-01,PROD0028,37,STORE0002,2,159.95,37.97,281.93
2024-07-01,PROD0011,241,STORE0003,5,131.23,25.06,631.09
2024-08-01,PROD0025,289,STORE0010,8,119.11,38.61,914.27
2024-09-01,PROD0024,71,STORE0002,7,125.14,25.76,850.22
2024-10-01,PROD0024,256,STORE0006,4,137.63,9.91,540.61
2024-11-01,PROD0031,76,STORE0002,6,138.11,14.67,813.99
2024-12-01,PROD0043,166,STORE0009,4,62.38,45.73,203.79
2023-01-01,PROD0020,120,STORE0005,3,493.5,37.08,1443.42
2023-02-01,PROD0041,168,STORE0010,5,222.56,10.9,1101.9
2023-03-01,PROD0034,157,STORE0002,5,102.63,1.34,511.81
2023-04-01,PROD0035,280,STORE0009,3,327.84,23.26,960.26
2023-05-01,PROD0030,90,STORE0008,8,408.13,24.22,3240.82
2023-06-01,PROD0042,26,STORE0001,4,490.41,19.44,1942.2
2023-07-01,PROD0023,243,STORE0010,3,455.19,16.75,1348.82
2023-08-01,PROD0015,50,STORE0009,8,52.9,22.21,400.99
2023-09-01,PROD0005,18,STORE0007,4,167.31,7.01,662.23
2023-10-01,PROD0045,67,STORE0007,6,31.8,7.41,183.39
2023-11-01,PROD0032,205,STORE0006,6,51.34,1.21,306.83
2023-12-01,PROD0014,118,STORE0005,4,32.65,1.29,129.31
2024-01-01,PROD0009,69,STORE0006,3,231.68,24.69,670.35
2024-02-01,PROD0016,276,STORE0002,8,45.56,13.15,351.33
2024-03-01,PROD0003,232,STORE0006,8,341.24,39.11,2690.81
2024-04-01,PROD0032,155,STORE0004,5,240.86,18.08,1186.22
2024-05-01,PROD0047,105,STORE0005,1,240.15,16.91,223.24
2024-06-01,PROD0026,45,STORE0003,3,47.14,35.9,105.52
2024-07-01,PROD0005,284,STORE0010,9,449.75,37.72,4010.03
2024-08-01,PROD0014,13,STORE0001,4,367.37,35.08,1434.4
2024-09-01,PROD0011,208,STORE0004,6,439.62,5.31,2632.41
2024-10-01,PROD0013,159,STORE0001,1,206.98,29.59,177.39
2024-11-01,PROD0012,11,STORE0001,2,292.66,8.31,577.01
2024-12-01,PROD0038,28,STORE0002,7,39.14,2.0,271.98
2023-01-01,PROD0039,168,STORE0003,6,455.53,49.21,2683.97
2023-02-01,PROD0009,230,STORE0004,8,338.43,45.4,2662.04
2023-03-01,PROD0026,221,STORE0002,7,392.61,8.22,2740.05
2023-04-01,PROD0036,60,STORE0004,7,131.68,12.37,909.39
2023-05-01,PROD0038,98,STORE0009,7,296.18,36.22,2037.04
2023-06-01,PROD0048,296,STORE0008,5,394.51,24.13,1948.42
2023-07-01,PROD0016,180,STORE0001,1,331.51,36.97,294.54
2023-08-01,PROD0033,198,STORE0007,1,324.09,29.27,294.82
2023-09-01,PROD0032,30,STORE0002,1,269.68,42.89,226.79
2023-10-01,PROD0046,35,STORE0007,8,227.49,48.68,1771.24
2023-11-01,PROD0025,70,STORE0009,2,130.01,4.87,255.15
2023-12-01,PROD0016,168,STORE0002,5,213.99,18.36,1051.59
2024-01-01,PROD0019,226,STORE0003,7,439.47,10.94,3065.35
2024-02-01,PROD0032,229,STORE0009,5,448.07,15.16,2225.19
2024-03-01,PROD0039,262,STORE0004,8,189.6,42.51,1474.29
2024-04-01,PROD0039,274,STORE0010,8,432.55,22.99,3437.41
2024-05-01,PROD0044,144,STORE0006,2,235.95,38.56,433.34
2024-06-01,PROD0032,33,STORE0002,1,164.08,27.35,136.73
2024-07-01,PROD0004,221,STORE0003,4,325.65,47.38,1255.22
2024-08-01,PROD0030,178,STORE0003,8,355.72,22.67,2823.09
2024-09-01,PROD0018,272,STORE0005,3,24.88,19.51,55.13
2024-10-01,PROD0031,130,STORE0005,3,297.42,21.71,870.55
2024-11-01,PROD0044,242,STORE0006,6,51.51,46.89,262.17
2024-12-01,PROD0013,106,STORE0001,2,129.28,13.33,245.23
2023-01-01,PROD0032,243,STORE0004,6,380.72,34.8,2249.52
2023-02-01,PROD0004,246,STORE0010,5,426.32,42.71,2088.89
2023-03-01,PROD0028,13,STORE0003,3,245.44,46.25,690.07
2023-04-01,PROD0003,205,STORE0010,5,82.69,47.11,366.34
2023-05-01,PROD0021,62,STORE0001,8,321.72,42.56,2531.2
2023-06-01,PROD0021,74,STORE0005,7,446.34,11.47,3112.91
2023-07-01,PROD0041,54,STORE0003,2,170.54,22.82,318.26
2023-08-01,PROD0033,21,STORE0004,8,292.29,45.5,2292.82
2023-09-01,PROD0019,192,STORE0006,6,406.95,25.74,2415.96
2023-10-01,PROD0034,113,STORE0009,9,266.97,33.74,2368.99
2023-11-01,PROD0003,91,STORE0002,4,200.8,9.36,793.84
2023-12-01,PROD0020,173,STORE0001,6,499.49,19.12,2977.82
2024-01-01,PROD0025,107,STORE0005,7,209.14,26.21,1437.77
2024-02-01,PROD0025,270,STORE0009,2,459.66,25.09,894.23
2024-03-01,PROD0040,291,STORE0010,1,321.62,2.18,319.44
2024-04-01,PROD0046,152,STORE0008,5,462.02,48.31,2261.79
2024-05-01,PROD0026,174,STORE0007,4,356.3,9.05,1416.15
2024-06-01,PROD0024,270,STORE0009,3,178.71,41.72,494.41
2024-07-01,PROD0036,131,STORE0004,4,66.82,46.71,220.57
2024-08-01,PROD0025,84,STORE0005,8,341.6,25.99,2706.81
2024-09-01,PROD0004,52,STORE0003,3,146.92,25.28,415.48
2024-10-01,PROD0032,298,STORE0010,2,300.77,15.75,585.79
2024-11-01,PROD0042,282,STORE0007,9,476.63,11.76,4277.91
2024-12-01,PROD0039,41,STORE0004,3,172.02,43.19,472.87
2023-01-01,PROD0024,78,STORE0004,9,105.3,21.69,926.01
2023-02-01,PROD0014,244,STORE0006,6,363.11,30.12,2148.54
2023-03-01,PROD0009,204,STORE0002,3,150.83,33.64,418.85
2023-04-01,PROD0022,171,STORE0003,5,126.93,46.4,588.25
2023-05-01,PROD0025,82,STORE0004,4,138.32,15.06,538.22
2023-06-01,PROD0021,77,STORE0003,8,123.9,20.7,970.5
2023-07-01,PROD0009,18,STORE0010,4,118.38,5.69,467.83
2023-08-01,PROD0019,179,STORE0007,2,91.22,48.14,134.3
2023-09-01,PROD0037,247,STORE0007,2,343.68,20.39,666.97
2023-10-01,PROD0004,219,STORE0006,4,168.63,37.28,637.24
2023-11-01,PROD0041,214,STORE0007,6,193.26,7.01,1152.55
2023-12-01,PROD0009,194,STORE0008,4,454.8,49.27,1769.93
2024-01-01,PROD0001,165,STORE0007,6,236.9,0.71,1420.69
2024-02-01,PROD0032,286,STORE0003,7,309.0,34.59,2128.41
2024-03-01,PROD0010,135,STORE0010,4,451.86,3.23,1804.21
2024-04-01,PROD0048,202,STORE0007,9,371.63,30.38,3314.29
2024-05-01,PROD0009,217,STORE0001,6,318.13,1.52,1907.26
2024-06-01,PROD0014,3,STORE0006,6,465.02,21.88,2768.24
2024-07-01,PROD0048,29,STORE0007,5,475.83,48.37,2330.78
2024-08-01,PROD0030,67,STORE0001,2,90.61,13.75,167.47
2024-09-01,PROD0049,144,STORE0006,4,20.46,48.97,32.87
2024-10-01,PROD0009,228,STORE0007,1,443.68,43.91,399.77
2024-11-01,PROD0016,47,STORE0006,5,457.88,12.18,2277.22
2024-12-01,PROD0028,265,STORE0010,7,412.01,30.39,2853.68
2023-01-01,PROD0024,155,STORE0005,8,89.79,2.82,715.5
2023-02-01,PROD0040,68,STORE0009,2,70.55,35.63,105.47
2023-03-01,PROD0033,145,STORE0008,7,20.22,16.49,125.05
2023-04-01,PROD0011,242,STORE0004,7,238.16,34.44,1632.68
2023-05-01,PROD0048,111,STORE0004,1,356.57,4.94,351.63
2023-06-01,PROD0041,279,STORE0006,7,58.76,21.39,389.93
2023-07-01,PROD0005,137,STORE0007,9,25.55,38.98,190.97
2023-08-01,PROD0008,148,STORE0003,6,451.15,48.32,2658.58
2023-09-01,PROD0007,253,STORE0001,2,29.11,10.0,48.22
2023-10-01,PROD0031,173,STORE0004,3,30.87,18.09,74.52
2023-11-01,PROD0028,27,STORE0004,4,243.77,30.22,944.86
2023-12-01,PROD0036,163,STORE0004,7,339.57,34.52,2342.47
2024-01-01,PROD0003,15,STORE0002,1,478.96,49.3,429.66
2024-02-01,PROD0044,122,STORE0004,4,53.43,25.56,188.16
2024-03-01,PROD0034,28,STORE0006,3,242.69,46.21,681.86
2024-04-01,PROD0047,18,STORE0002,6,285.36,30.05,1682.11
2024-05-01,PROD0032,23,STORE0003,3,137.47,33.87,378.54
2024-06-01,PROD0005,90,STORE0001,7,192.71,33.37,1315.6
2024-07-01,PROD0050,197,STORE0008,2,151.84,42.17,261.51
2024-08-01,PROD0008,10,STORE0001,4,86.43,23.65,322.07
2024-09-01,PROD0049,193,STORE0009,8,235.97,10.48,1877.28
2024-10-01,PROD0046,223,STORE0002,9,91.61,39.95,784.54
2024-11-01,PROD0025,208,STORE0010,3,185.57,8.48,548.23
2024-12-01,PROD0005,172,STORE0005,8,412.52,32.48,3267.68
2023-01-01,PROD0001,244,STORE0010,1,197.09,18.35,178.74
2023-02-01,PROD0010,128,STORE0003,3,114.5,49.46,294.04
2023-03-01,PROD0044,243,STORE0009,3,289.16,20.08,847.4
2023-04-01,PROD0008,167,STORE0005,7,62.83,3.7,436.11
2023-05-01,PROD0016,119,STORE0009,4,147.73,26.15,564.77
2023-06-01,PROD0004,8,STORE0001,6,58.47,38.2,312.62
2023-07-01,PROD0002,214,STORE0005,5,175.74,17.44,861.26
2023-08-01,PROD0036,228,STORE0007,7,494.47,5.66,3455.63
2023-09-01,PROD0017,88,STORE0002,4,402.95,48.82,1562.98
2023-10-01,PROD0002,289,STORE0008,1,304.57,3.08,301.49
2023-11-01,PROD0030,249,STORE0007,6,107.07,13.57,628.85
2023-12-01,PROD0037,77,STORE0010,7,460.83,38.28,3187.53
2024-01-01,PROD0004,53,STORE0003,4,457.79,12.89,1818.27
2024-02-01,PROD0018,258,STORE0006,5,375.82,34.46,1844.64
2024-03-01,PROD0046,43,STORE0001,8,372.92,39.66,2943.7
2024-04-01,PROD0031,51,STORE0001,8,443.93,18.02,3533.42
2024-05-01,PROD0006,196,STORE0007,2,134.14,20.83,247.45
2024-06-01,PROD0027,242,STORE0008,4,203.72,35.41,779.47
2024-07-01,PROD0016,50,STORE0001,3,35.41,42.51,63.72
2024-08-01,PROD0039,47,STORE0009,1,447.0,37.59,409.41
2024-09-01,PROD0028,130,STORE0002,7,389.58,32.77,2694.29
2024-10-01,PROD0006,13,STORE0004,4,59.6,15.78,222.62
2024-11-01,PROD0022,70,STORE0009,5,270.19,48.5,1302.45
2024-12-01,PROD0007,115,STORE0001,6,256.02,17.73,1518.39
2023-01-01,PROD0031,207,STORE0008,1,61.81,39.31,22.5
2023-02-01,PROD0023,254,STORE0009,4,82.68,0.58,330.14
2023-03-01,PROD0033,38,STORE0007,8,481.66,25.21,3828.07
2023-04-01,PROD0004,298,STORE0004,9,48.67,27.6,410.43
2023-05-01,PROD0031,21,STORE0008,3,482.18,28.98,1417.56
2023-06-01,PROD0019,213,STORE0002,5,115.49,40.42,537.03
2023-07-01,PROD0001,125,STORE0008,3,206.88,10.88,609.76
2023-08-01,PROD0042,86,STORE0001,4,197.48,38.09,751.83
2023-09-01,PROD0050,263,STORE0003,3,280.78,38.75,803.59
2023-10-01,PROD0030,137,STORE0007,5,111.31,2.12,554.43
2023-11-01,PROD0039,63,STORE0008,2,293.11,38.51,547.71
2023-12-01,PROD0041,41,STORE0002,5,58.65,0.53,292.72
2024-01-01,PROD0017,201,STORE0008,5,135.78,1.38,677.52
2024-02-01,PROD0034,254,STORE0002,2,188.19,30.45,345.93
2024-03-01,PROD0031,263,STORE0004,7,153.52,14.78,1059.86
2024-04-01,PROD0046,276,STORE0010,1,26.95,47.77,-20.82
2024-05-01,PROD0042,32,STORE0009,3,78.58,24.87,210.87
2024-06-01,PROD0034,290,STORE0001,1,84.73,31.84,52.89
2024-07-01,PROD0039,110,STORE0003,7,122.42,19.89,837.05
2024-08-01,PROD0004,71,STORE0007,4,480.63,43.74,1878.78
2024-09-01,PROD0011,45,STORE0010,3,269.7,10.87,798.23
2024-10-01,PROD0016,109,STORE0003,9,436.9,28.46,3903.64
2024-11-01,PROD0040,74,STORE0003,6,135.23,41.92,769.46
2024-12-01,PROD0022,112,STORE0002,2,161.32,47.47,275.17
2023-01-01,PROD0028,66,STORE0002,5,59.31,37.31,259.24
2023-02-01,PROD0005,171,STORE0002,5,318.71,19.2,1574.35
2023-03-01,PROD0009,17,STORE0007,5,381.9,35.71,1873.79
2023-04-01,PROD0040,57,STORE0008,4,238.16,26.41,926.23
2023-05-01,PROD0026,109,STORE0010,8,121.18,27.71,941.73
2023-06-01,PROD0015,245,STORE0007,6,383.68,47.34,2254.74
2023-07-01,PROD0029,252,STORE0005,9,341.6,48.5,3025.9
2023-08-01,PROD0049,70,STORE0010,3,207.87,0.85,622.76
2023-09-01,PROD0006,121,STORE0002,8,196.03,8.95,1559.29
2023-10-01,PROD0009,278,STORE0008,7,260.67,7.18,1817.51
2023-11-01,PROD0005,20,STORE0006,5,304.93,14.94,1509.71
2023-12-01,PROD0004,4,STORE0005,3,388.24,24.74,1139.98
2024-01-01,PROD0022,119,STORE0005,5,459.07,37.84,2257.51
2024-02-01,PROD0046,290,STORE0009,1,42.73,27.82,14.91
2024-03-01,PROD0042,154,STORE0003,5,422.68,43.33,2070.07
2024-04-01,PROD0004,278,STORE0006,4,134.1,6.68,529.72
2024-05-01,PROD0014,127,STORE0007,6,139.37,9.86,826.36
2024-06-01,PROD0034,276,STORE0001,4,229.18,42.63,874.09
2024-07-01,PROD0011,71,STORE0007,9,44.29,0.52,398.09
2024-08-01,PROD0030,259,STORE0004,5,205.85,20.93,1008.32
2024-09-01,PROD0042,214,STORE0007,7,58.16,30.43,376.69
2024-10-01,PROD0037,59,STORE0007,3,394.36,41.27,1141.81
2024-11-01,PROD0006,249,STORE0001,5,242.53,25.08,1187.57
2024-12-01,PROD0017,113,STORE0010,5,54.57,30.89,241.96
2023-01-01,PROD0032,66,STORE0003,3,192.85,32.45,546.1
2023-02-01,PROD0034,300,STORE0010,3,335.22,27.35,978.31
2023-03-01,PROD0022,271,STORE0005,1,32.34,21.29,11.05
2023-04-01,PROD0035,76,STORE0001,9,161.44,44.53,1408.43
2023-05-01,PROD0021,162,STORE0007,1,20.1,40.63,-20.53
2023-06-01,PROD0005,16,STORE0002,5,58.84,48.08,246.12
2023-07-01,PROD0028,281,STORE0006,2,161.94,22.48,301.4
2023-08-01,PROD0006,138,STORE0002,4,80.06,40.31,279.93
2023-09-01,PROD0018,245,STORE0003,3,304.17,7.26,905.25
2023-10-01,PROD0049,134,STORE0007,7,275.9,0.31,1930.99
2023-11-01,PROD0005,200,STORE0006,6,457.29,2.02,2741.72
2023-12-01,PROD0040,209,STORE0009,4,242.01,9.68,958.36
2024-01-01,PROD0045,51,STORE0003,7,146.45,17.87,1007.28
2024-02-01,PROD0020,52,STORE0008,2,490.37,40.71,940.03
2024-03-01,PROD0030,82,STORE0010,4,471.66,31.29,1855.35
2024-04-01,PROD0015,66,STORE0010,4,407.82,18.19,1613.09
2024-05-01,PROD0031,66,STORE0007,6,177.08,15.51,1046.97
2024-06-01,PROD0010,75,STORE0004,6,304.85,1.39,1827.71
2024-07-01,PROD0041,40,STORE0002,9,391.44,11.19,3511.77
2024-08-01,PROD0016,74,STORE0009,5,122.72,27.14,586.46
2024-09-01,PROD0008,275,STORE0009,7,431.59,44.95,2976.18
2024-10-01,PROD0027,117,STORE0010,7,42.07,17.16,277.33
2024-11-01,PROD0009,285,STORE0001,8,229.06,7.48,1825.0
2024-12-01,PROD0027,147,STORE0006,7,306.5,46.37,2099.13
2023-01-01,PROD0027,177,STORE0001,1,134.61,7.28,127.33
2023-02-01,PROD0043,154,STORE0001,5,246.01,23.17,1206.88
2023-03-01,PROD0013,283,STORE0001,8,217.15,13.84,1723.36
2023-04-01,PROD0039,99,STORE0003,3,458.67,39.04,1336.97
2023-05-01,PROD0011,72,STORE0005,1,280.36,5.0,275.36
2023-06-01,PROD0017,173,STORE0002,8,292.66,31.42,2309.86
2023-07-01,PROD0003,267,STORE0008,7,355.92,26.25,2465.19
2023-08-01,PROD0029,94,STORE0006,6,399.06,39.28,2355.08
2023-09-01,PROD0008,5,STORE0005,3,370.45,39.41,1071.94
2023-10-01,PROD0036,261,STORE0001,2,219.82,43.7,395.94
2023-11-01,PROD0014,181,STORE0002,4,413.08,5.24,1647.08
2023-12-01,PROD0029,166,STORE0005,5,95.54,0.87,476.83
2024-01-01,PROD0009,282,STORE0005,3,371.3,30.58,1083.32
2024-02-01,PROD0030,66,STORE0010,3,471.2,3.36,1410.24
2024-03-01,PROD0001,250,STORE0005,8,365.27,13.73,2908.43
2024-04-01,PROD0017,58,STORE0002,8,65.52,46.17,477.99
2024-05-01,PROD0045,66,STORE0005,4,479.3,11.48,1905.72
2024-06-01,PROD0018,70,STORE0002,3,154.02,20.39,441.67
2024-07-01,PROD0013,177,STORE0001,5,421.8,2.36,2106.64
2024-08-01,PROD0010,59,STORE0001,7,216.06,41.4,1471.02
2024-09-01,PROD0042,292,STORE0008,4,357.89,7.73,1423.83
2024-10-01,PROD0004,250,STORE0007,2,395.1,13.06,777.14
2024-11-01,PROD0038,282,STORE0009,8,416.5,8.8,3323.2
2024-12-01,PROD0050,167,STORE0008,9,129.39,13.98,1150.53
2023-01-01,PROD0012,160,STORE0002,6,385.41,17.75,2294.71
2023-02-01,PROD0042,261,STORE0005,8,227.32,28.52,1790.04
2023-03-01,PROD0011,181,STORE0002,3,94.89,14.9,269.77
2023-04-01,PROD0046,208,STORE0009,2,360.94,16.41,705.47
2023-05-01,PROD0023,53,STORE0002,7,456.45,18.92,3176.23
2023-06-01,PROD0032,64,STORE0010,2,224.5,7.99,441.01
2023-07-01,PROD0039,106,STORE0001,8,153.83,36.52,1194.12
2023-08-01,PROD0047,285,STORE0009,8,56.82,34.9,419.66
2023-09-01,PROD0007,54,STORE0002,4,484.42,7.35,1930.33
2023-10-01,PROD0027,147,STORE0008,1,175.22,37.98,137.24
2023-11-01,PROD0004,58,STORE0008,2,25.74,1.44,50.04
2023-12-01,PROD0043,95,STORE0007,8,483.67,46.11,3823.25
2024-01-01,PROD0023,132,STORE0006,8,218.87,36.3,1714.66
2024-02-01,PROD0010,152,STORE0008,7,22.16,23.18,131.94
2024-03-01,PROD0021,206,STORE0009,8,404.12,42.64,3190.32
2024-04-01,PROD0011,273,STORE0006,8,105.94,15.92,831.6
2024-05-01,PROD0029,272,STORE0008,7,290.45,10.49,2022.66
2024-06-01,PROD0006,280,STORE0003,4,407.49,44.04,1585.92
2024-07-01,PROD0025,72,STORE0008,2,223.45,43.32,403.58
2024-08-01,PROD0016,69,STORE0004,3,49.92,27.64,122.12
2024-09-01,PROD0024,226,STORE0004,6,401.55,5.18,2404.12
2024-10-01,PROD0003,136,STORE0003,2,454.26,33.33,875.19
2024-11-01,PROD0046,219,STORE0006,3,299.16,1.71,895.77
2024-12-01,PROD0022,196,STORE0008,3,108.86,7.12,319.46
2023-01-01,PROD0027,243,STORE0002,1,428.78,34.02,394.76
2023-02-01,PROD0003,75,STORE0001,7,65.13,27.55,428.36
2023-03-01,PROD0017,100,STORE0009,5,22.71,23.62,89.93
2023-04-01,PROD0043,77,STORE0010,3,43.21,36.5,93.13
2023-05-01,PROD0008,205,STORE0009,5,52.99,26.78,238.17
2023-06-01,PROD0027,256,STORE0006,5,66.11,31.47,299.08
2023-07-01,PROD0015,88,STORE0001,2,291.21,6.02,576.4
2023-08-01,PROD0046,222,STORE0006,5,49.48,30.49,216.91
2023-09-01,PROD0007,247,STORE0009,4,380.32,2.74,1518.54
2023-10-01,PROD0015,14,STORE0009,7,383.83,46.4,2640.41
2023-11-01,PROD0044,135,STORE0003,7,387.85,29.6,2685.35
2023-12-01,PROD0017,138,STORE0008,2,101.15,13.5,188.8
2024-01-01,PROD0006,12,STORE0001,8,301.85,28.69,2386.11
2024-02-01,PROD0041,41,STORE0010,7,319.04,6.07,2227.21
2024-03-01,PROD0010,201,STORE0009,1,418.04,4.11,413.93
2024-04-01,PROD0037,115,STORE0005,6,26.51,7.37,151.69
2024-05-01,PROD0026,227,STORE0006,7,429.89,22.25,2986.98
2024-06-01,PROD0022,153,STORE0003,1,323.77,5.58,318.19
2024-07-01,PROD0036,17,STORE0008,5,380.27,5.46,1895.89
2024-08-01,PROD0006,28,STORE0006,8,108.27,16.28,849.88
2024-09-01,PROD0012,296,STORE0005,7,230.81,20.22,1595.45
2024-10-01,PROD0033,133,STORE0005,6,476.77,3.92,2856.7
2024-11-01,PROD0043,138,STORE0009,3,348.26,3.53,1041.25
2024-12-01,PROD0001,99,STORE0008,5,282.14,24.16,1386.54
2023-01-01,PROD0025,8,STORE0007,9,25.32,32.01,195.87
2023-02-01,PROD0048,274,STORE0010,3,79.23,47.91,189.78
2023-03-01,PROD0015,90,STORE0010,2,180.69,27.09,334.29
2023-04-01,PROD0024,110,STORE0010,9,130.38,11.0,1162.42
2023-05-01,PROD0038,181,STORE0001,2,111.93,22.42,201.44
2023-06-01,PROD0046,101,STORE0002,5,38.86,23.2,171.1
2023-07-01,PROD0041,248,STORE0006,5,153.79,6.45,762.5
2023-08-01,PROD0022,222,STORE0007,5,154.37,11.61,760.24
2023-09-01,PROD0038,268,STORE0001,7,496.98,14.7,3464.16
2023-10-01,PROD0024,191,STORE0004,6,435.52,43.57,2569.55
2023-11-01,PROD0008,293,STORE0010,7,210.62,49.11,1425.23
2023-12-01,PROD0007,112,STORE0009,3,57.56,2.76,169.92
2024-01-01,PROD0045,110,STORE0004,2,274.99,22.26,527.72
2024-02-01,PROD0006,115,STORE0009,4,493.48,44.74,1929.18
2024-03-01,PROD0016,226,STORE0008,1,414.27,18.87,395.4
2024-04-01,PROD0043,113,STORE0002,9,341.9,48.22,3028.88
2024-05-01,PROD0019,255,STORE0003,5,395.79,27.02,1951.93
2024-06-01,PROD0042,44,STORE0009,3,360.19,6.45,1074.12
2024-07-01,PROD0037,256,STORE0004,3,407.14,12.79,1208.63
2024-08-01,PROD0044,297,STORE0010,9,424.16,24.56,3792.88
2024-09-01,PROD0023,220,STORE0005,2,278.02,29.8,526.24
2024-10-01,PROD0017,246,STORE0003,3,407.93,41.95,1181.84
2024-11-01,PROD0016,220,STORE0001,2,334.01,48.85,619.17
2024-12-01,PROD0041,145,STORE0010,8,231.93,6.95,1848.49
2023-01-01,PROD0048,109,STORE0010,2,136.38,33.39,239.37
2023-02-01,PROD0011,211,STORE0009,4,358.76,35.87,1399.17
2023-03-01,PROD0044,83,STORE0003,4,475.16,1.92,1898.72
2023-04-01,PROD0028,270,STORE0007,6,347.36,4.53,2079.63
2023-05-01,PROD0016,289,STORE0010,6,70.02,44.01,376.11
2023-06-01,PROD0020,44,STORE0001,2,285.76,1.67,569.85
2023-07-01,PROD0024,34,STORE0004,6,440.91,45.7,2599.76
2023-08-01,PROD0012,210,STORE0010,2,404.48,8.1,800.86
2023-09-01,PROD0033,252,STORE0009,9,298.27,27.78,2656.65
2023-10-01,PROD0040,43,STORE0005,9,335.0,18.27,2996.73
2023-11-01,PROD0026,70,STORE0002,6,391.74,44.15,2306.29
2023-12-01,PROD0001,47,STORE0003,2,69.67,11.71,127.63
2024-01-01,PROD0007,246,STORE0009,4,95.27,34.2,346.88
2024-02-01,PROD0029,34,STORE0010,5,117.86,19.99,569.31
2024-03-01,PROD0034,221,STORE0004,5,189.27,46.0,900.35
2024-04-01,PROD0034,244,STORE0001,7,454.37,36.3,3144.29
2024-05-01,PROD0023,156,STORE0008,5,54.17,36.51,234.34
2024-06-01,PROD0016,294,STORE0002,8,88.23,47.89,657.95
2024-07-01,PROD0037,65,STORE0010,6,422.88,0.38,2536.9
2024-08-01,PROD0036,18,STORE0001,2,267.59,46.49,488.69
2024-09-01,PROD0022,167,STORE0009,2,379.67,32.2,727.14
2024-10-01,PROD0002,244,STORE0009,4,207.3,22.3,806.9
2024-11-01,PROD0017,293,STORE0007,9,340.3,36.62,3026.08
2024-12-01,PROD0012,52,STORE0008,1,360.15,15.66,344.49
2023-01-01,PROD0034,251,STORE0008,6,196.41,2.39,1176.07
2023-02-01,PROD0014,7,STORE0005,4,29.55,32.72,85.48
2023-03-01,PROD0005,143,STORE0009,3,231.56,35.3,659.38
2023-04-01,PROD0047,280,STORE0003,6,209.21,34.92,1220.34
2023-05-01,PROD0007,164,STORE0007,8,381.52,15.58,3036.58
2023-06-01,PROD0017,198,STORE0003,7,280.79,31.21,1934.32
2023-07-01,PROD0020,102,STORE0001,3,108.76,49.1,277.18
2023-08-01,PROD0049,76,STORE0007,3,346.23,11.83,1026.86
2023-09-01,PROD0042,78,STORE0001,4,286.63,23.44,1123.08
2023-10-01,PROD0028,256,STORE0003,5,239.52,23.86,1173.74
2023-11-01,PROD0029,78,STORE0007,3,499.12,21.67,1475.69
2023-12-01,PROD0011,150,STORE0010,6,353.42,0.88,2119.64
2024-01-01,PROD0048,247,STORE0001,8,129.66,21.33,1015.95
2024-02-01,PROD0019,71,STORE0005,2,172.77,9.54,336.0
2024-03-01,PROD0030,237,STORE0010,2,478.33,39.38,917.28
2024-04-01,PROD0019,58,STORE0001,6,464.45,44.57,2742.13
2024-05-01,PROD0035,215,STORE0003,8,191.38,37.16,1493.88
2024-06-01,PROD0048,79,STORE0002,6,324.34,44.01,1902.03
2024-07-01,PROD0035,280,STORE0003,4,298.35,31.75,1161.65
2024-08-01,PROD0001,208,STORE0003,5,398.79,47.24,1946.71
2024-09-01,PROD0012,55,STORE0005,9,399.85,19.57,3579.08
2024-10-01,PROD0033,113,STORE0010,8,302.33,21.94,2396.7
2024-11-01,PROD0024,80,STORE0003,5,304.17,49.45,1471.4
2024-12-01,PROD0045,218,STORE0005,9,443.87,28.62,3966.21
2023-01-01,PROD0017,19,STORE0002,1,143.85,40.8,103.05
2023-02-01,PROD0036,174,STORE0010,3,73.18,30.39,189.15
2023-03-01,PROD0032,275,STORE0009,1,106.0,23.13,82.87
2023-04-01,PROD0049,79,STORE0005,6,359.91,32.28,2127.18
2023-05-01,PROD0017,289,STORE0002,9,424.88,8.3,3815.62
2023-06-01,PROD0032,17,STORE0002,4,447.69,10.79,1779.97
2023-07-01,PROD0017,111,STORE0005,5,465.66,1.72,2326.58
2023-08-01,PROD0005,210,STORE0004,5,380.36,27.96,1873.84
2023-09-01,PROD0044,166,STORE0010,5,106.8,6.22,527.78
2023-10-01,PROD0050,262,STORE0005,7,187.12,19.98,1289.86
2023-11-01,PROD0042,191,STORE0005,4,230.58,35.32,887.0
2023-12-01,PROD0008,26,STORE0001,8,386.52,19.19,3072.97
2024-01-01,PROD0023,271,STORE0005,7,372.22,35.67,2569.87
2024-02-01,PROD0026,19,STORE0007,5,488.47,3.18,2439.17
2024-03-01,PROD0018,285,STORE0004,4,110.91,33.11,410.53
2024-04-01,PROD0039,281,STORE0004,4,66.43,15.12,250.6
2024-05-01,PROD0024,166,STORE0010,1,487.76,30.86,456.9
2024-06-01,PROD0006,24,STORE0010,1,75.21,10.86,64.35
2024-07-01,PROD0010,224,STORE0004,5,271.84,35.13,1324.07
2024-08-01,PROD0019,90,STORE0008,3,139.29,20.17,397.7
2024-09-01,PROD0029,19,STORE0007,1,445.98,14.42,431.56
2024-10-01,PROD0026,197,STORE0003,7,364.39,33.26,2517.47
2024-11-01,PROD0049,110,STORE0001,3,94.9,36.91,247.79
2024-12-01,PROD0004,167,STORE0005,5,339.93,43.22,1656.43
2023-01-01,PROD0049,147,STORE0001,1,91.31,27.28,64.03
2023-02-01,PROD0032,15,STORE0002,9,67.0,30.29,572.71
2023-03-01,PROD0007,295,STORE0006,6,363.13,20.73,2158.05
2023-04-01,PROD0025,204,STORE0010,6,420.3,25.73,2496.07
2023-05-01,PROD0001,128,STORE0008,2,413.53,26.83,800.23
2023-06-01,PROD0025,186,STORE0005,7,333.17,42.16,2290.03
2023-07-01,PROD0019,275,STORE0010,4,158.74,44.02,590.94
2023-08-01,PROD0009,80,STORE0001,8,498.59,22.41,3966.31
2023-09-01,PROD0019,59,STORE0001,5,111.74,30.66,528.04
2023-10-01,PROD0050,164,STORE0004,6,343.11,42.02,2016.64
2023-11-01,PROD0016,142,STORE0003,8,90.22,20.37,701.39
2023-12-01,PROD0044,161,STORE0010,4,273.68,41.06,1053.66
2024-01-01,PROD0024,294,STORE0003,8,316.79,49.24,2485.08
2024-02-01,PROD0035,59,STORE0002,8,28.16,44.76,180.52
2024-03-01,PROD0026,209,STORE0004,9,123.34,31.2,1078.86
2024-04-01,PROD0011,22,STORE0002,1,85.44,10.62,74.82
2024-05-01,PROD0040,105,STORE0009,8,245.36,16.54,1946.34
2024-06-01,PROD0026,165,STORE0002,9,300.53,10.55,2694.22
2024-07-01,PROD0007,152,STORE0008,5,381.33,30.56,1876.09
2024-08-01,PROD0032,130,STORE0004,2,270.7,13.1,528.3
2024-09-01,PROD0031,297,STORE0006,5,365.15,45.65,1780.1
2024-10-01,PROD0016,290,STORE0002,4,24.33,18.79,78.53
2024-11-01,PROD0050,253,STORE0006,9,125.76,9.28,1122.56
2024-12-01,PROD0013,166,STORE0004,1,318.15,37.94,280.21
2023-01-01,PROD0034,178,STORE0001,6,382.73,31.54,2264.84
2023-02-01,PROD0045,208,STORE0006,4,458.42,1.84,1831.84
2023-03-01,PROD0008,250,STORE0005,3,359.62,29.32,1049.54
2023-04-01,PROD0044,35,STORE0008,9,443.83,23.59,3970.88
2023-05-01,PROD0001,282,STORE0007,2,359.61,11.99,707.23
2023-06-01,PROD0026,97,STORE0008,4,168.9,28.53,647.07
2023-07-01,PROD0011,45,STORE0003,6,203.61,4.01,1217.65
2023-08-01,PROD0014,7,STORE0006,4,108.81,15.14,420.1
2023-09-01,PROD0022,78,STORE0009,8,128.05,37.19,987.21
2023-10-01,PROD0045,222,STORE0009,9,96.34,32.45,834.61
2023-11-01,PROD0038,10,STORE0003,4,419.41,9.74,1667.9
2023-12-01,PROD0001,109,STORE0002,8,176.4,4.12,1407.08
2024-01-01,PROD0039,235,STORE0009,6,331.06,6.24,1980.12
2024-02-01,PROD0018,183,STORE0007,6,351.62,1.17,2108.55
2024-03-01,PROD0016,79,STORE0009,2,33.85,40.88,26.82
2024-04-01,PROD0042,168,STORE0006,5,492.31,24.05,2437.5
2024-05-01,PROD0049,199,STORE0001,3,466.76,43.99,1356.29
2024-06-01,PROD0028,87,STORE0010,2,191.87,8.9,374.84
2024-07-01,PROD0024,280,STORE0007,6,168.94,13.19,1000.45
2024-08-01,PROD0008,217,STORE0003,4,341.56,11.57,1354.67
2024-09-01,PROD0039,130,STORE0001,6,488.46,25.88,2904.88
2024-10-01,PROD0015,60,STORE0002,1,39.72,48.02,-8.3
2024-11-01,PROD0001,272,STORE0002,8,469.07,28.49,3724.07
2024-12-01,PROD0050,111,STORE0007,2,158.64,25.14,292.14
2023-01-01,PROD0026,179,STORE0004,6,319.99,18.08,1901.86
2023-02-01,PROD0039,59,STORE0001,9,41.02,27.46,341.72
2023-03-01,PROD0025,277,STORE0005,2,416.16,14.5,817.82
2023-04-01,PROD0044,95,STORE0004,2,364.82,20.92,708.72
2023-05-01,PROD0047,12,STORE0001,7,313.19,33.27,2159.06
2023-06-01,PROD0002,5,STORE0007,2,481.22,1.61,960.83
2023-07-01,PROD0037,245,STORE0006,3,63.27,49.49,140.32
2023-08-01,PROD0009,284,STORE0001,9,108.18,46.89,926.73
2023-09-01,PROD0005,45,STORE0002,7,478.61,3.16,3347.11
2023-10-01,PROD0007,158,STORE0005,1,375.58,34.86,340.72
2023-11-01,PROD0038,29,STORE0008,6,275.49,46.47,1606.47
2023-12-01,PROD0039,169,STORE0007,1,246.63,43.8,202.83
2024-01-01,PROD0009,191,STORE0003,1,114.66,1.26,113.4
2024-02-01,PROD0032,168,STORE0010,8,216.05,11.71,1716.69
2024-03-01,PROD0028,214,STORE0008,1,415.13,33.41,381.72
2024-04-01,PROD0047,20,STORE0001,6,258.75,1.78,1550.72
2024-05-01,PROD0013,170,STORE0008,3,491.45,43.56,1430.79
2024-06-01,PROD0012,84,STORE0004,4,47.73,10.69,180.23
2024-07-01,PROD0013,89,STORE0005,7,89.61,8.39,618.88
2024-08-01,PROD0021,197,STORE0010,1,146.43,13.75,132.68
2024-09-01,PROD0042,206,STORE0010,6,287.03,25.5,1696.68
2024-10-01,PROD0046,298,STORE0004,8,106.26,47.76,802.32
2024-11-01,PROD0011,194,STORE0002,9,212.38,16.45,1894.97
2024-12-01,PROD0038,107,STORE0010,1,129.88,15.7,114.18
2023-01-01,PROD0014,73,STORE0003,6,217.43,4.23,1300.35
2023-02-01,PROD0043,209,STORE0008,6,144.61,39.78,827.88
2023-03-01,PROD0009,87,STORE0001,1,443.04,12.88,430.16
2023-04-01,PROD0038,134,STORE0004,9,498.72,48.5,4439.98
2023-05-01,PROD0006,74,STORE0002,9,113.46,19.77,1001.37
2023-06-01,PROD0046,37,STORE0008,9,215.52,28.74,1910.94
2023-07-01,PROD0027,150,STORE0007,6,339.36,3.35,2032.81
2023-08-01,PROD0037,21,STORE0008,3,201.79,30.75,574.62
2023-09-01,PROD0035,294,STORE0003,3,58.27,27.57,147.24
2023-10-01,PROD0041,88,STORE0002,8,489.64,36.5,3880.62
2023-11-01,PROD0037,263,STORE0003,7,34.94,29.23,215.35
2023-12-01,PROD0029,75,STORE0002,2,220.51,2.96,438.06
2024-01-01,PROD0020,40,STORE0008,1,132.83,10.92,121.91
2024-02-01,PROD0002,144,STORE0010,3,148.07,26.32,417.89
2024-03-01,PROD0012,50,STORE0001,8,87.77,30.9,671.26
2024-04-01,PROD0042,280,STORE0001,5,491.07,16.61,2438.74
2024-05-01,PROD0034,226,STORE0004,3,204.33,11.92,601.07
2024-06-01,PROD0023,204,STORE0010,1,399.64,16.07,383.57
2024-07-01,PROD0007,215,STORE0002,3,423.36,32.98,1237.1
2024-08-01,PROD0050,98,STORE0004,7,351.76,11.71,2450.61
2024-09-01,PROD0038,140,STORE0004,8,300.29,46.21,2356.11
2024-10-01,PROD0016,209,STORE0006,9,496.94,18.72,4453.74
2024-11-01,PROD0008,280,STORE0002,5,326.13,27.42,1603.23
2024-12-01,PROD0033,125,STORE0001,1,374.89,8.82,366.07
2023-01-01,PROD0009,71,STORE0007,7,310.21,32.14,2139.33
2023-02-01,PROD0016,137,STORE0009,6,31.51,24.58,164.48
2023-03-01,PROD0025,93,STORE0009,7,438.99,21.58,3051.35
2023-04-01,PROD0036,41,STORE0007,7,113.67,11.65,784.04
2023-05-01,PROD0041,262,STORE0009,1,56.72,37.17,19.55
2023-06-01,PROD0036,234,STORE0001,7,232.64,39.79,1588.69
2023-07-01,PROD0050,86,STORE0002,8,161.98,37.93,1257.91
2023-08-01,PROD0002,218,STORE0001,1,387.56,31.65,355.91
2023-09-01,PROD0041,84,STORE0002,7,150.63,16.46,1037.95
2023-10-01,PROD0026,268,STORE0001,7,468.12,6.51,3270.33
2023-11-01,PROD0020,53,STORE0003,1,245.54,44.05,201.49
2023-12-01,PROD0040,62,STORE0009,7,110.44,38.56,734.52
2024-01-01,PROD0020,80,STORE0005,5,449.56,36.63,2211.17
2024-02-01,PROD0007,253,STORE0007,2,331.05,37.7,624.4
2024-03-01,PROD0040,179,STORE0006,7,333.51,44.18,2290.39
2024-04-01,PROD0045,199,STORE0005,9,347.62,25.62,3102.96
2024-05-01,PROD0034,31,STORE0009,4,127.3,3.35,505.85
2024-06-01,PROD0021,122,STORE0007,9,119.09,25.3,1046.51
2024-07-01,PROD0033,192,STORE0004,4,398.82,37.93,1557.35
2024-08-01,PROD0001,165,STORE0010,5,472.04,42.98,2317.22
2024-09-01,PROD0004,161,STORE0004,7,41.12,25.82,262.02
2024-10-01,PROD0026,81,STORE0003,6,311.1,47.79,1818.81
2024-11-01,PROD0011,296,STORE0001,2,150.73,42.99,258.47
2024-12-01,PROD0044,57,STORE0003,8,437.34,5.58,3493.14
2023-01-01,PROD0018,263,STORE0009,6,441.74,44.12,2606.32
2023-02-01,PROD0043,112,STORE0001,6,198.95,7.85,1185.85
2023-03-01,PROD0009,55,STORE0002,5,32.91,7.96,156.59
2023-04-01,PROD0038,244,STORE0002,5,150.78,21.03,732.87
2023-05-01,PROD0029,46,STORE0007,8,88.3,44.25,662.15
2023-06-01,PROD0022,296,STORE0010,8,240.65,3.44,1921.76
2023-07-01,PROD0002,263,STORE0007,6,142.36,15.31,838.85
2023-08-01,PROD0033,14,STORE0003,8,154.15,25.34,1207.86
2023-09-01,PROD0031,66,STORE0008,4,410.55,11.22,1630.98
2023-10-01,PROD0045,270,STORE0007,6,227.89,12.56,1354.78
2023-11-01,PROD0001,247,STORE0005,6,398.57,8.6,2382.82
2023-12-01,PROD0014,174,STORE0004,5,325.52,7.99,1619.61
2024-01-01,PROD0003,247,STORE0003,2,106.9,36.35,177.45
2024-02-01,PROD0029,66,STORE0009,2,206.94,11.06,402.82
2024-03-01,PROD0042,129,STORE0007,2,219.5,10.57,428.43
2024-04-01,PROD0008,28,STORE0006,5,184.85,43.52,880.73
2024-05-01,PROD0033,86,STORE0009,2,376.96,42.67,711.25
2024-06-01,PROD0023,22,STORE0009,2,155.41,42.48,268.34
2024-07-01,PROD0031,93,STORE0002,8,178.67,3.47,1425.89
2024-08-01,PROD0010,83,STORE0009,1,25.81,41.93,-16.12
2024-09-01,PROD0024,288,STORE0006,7,158.98,6.73,1106.13
2024-10-01,PROD0040,282,STORE0010,3,26.33,14.85,64.14
2024-11-01,PROD0033,200,STORE0002,4,95.84,6.6,376.76
2024-12-01,PROD0037,235,STORE0010,6,91.66,26.99,522.97
2023-01-01,PROD0047,157,STORE0004,6,347.16,25.25,2057.71
2023-02-01,PROD0020,92,STORE0005,5,162.76,18.65,795.15
2023-03-01,PROD0050,56,STORE0001,2,181.17,33.53,328.81
2023-04-01,PROD0012,259,STORE0001,3,111.84,18.12,317.4
2023-05-01,PROD0042,57,STORE0005,1,262.78,37.39,225.39
2023-06-01,PROD0048,186,STORE0008,4,135.75,40.64,502.36
2023-07-01,PROD0026,226,STORE0001,5,283.58,49.18,1368.72
2023-08-01,PROD0004,282,STORE0002,9,433.65,39.61,3863.24
2023-09-01,PROD0027,140,STORE0006,4,341.75,29.33,1337.67
2023-10-01,PROD0045,71,STORE0001,9,243.97,7.74,2187.99
2023-11-01,PROD0008,77,STORE0001,1,280.52,23.17,257.35
2023-12-01,PROD0021,285,STORE0010,2,496.85,22.68,971.02
2024-01-01,PROD0026,255,STORE0009,1,243.7,1.87,241.83
2024-02-01,PROD0015,72,STORE0001,7,289.99,3.9,2026.03
2024-03-01,PROD0038,72,STORE0005,6,54.19,9.47,315.67
2024-04-01,PROD0041,260,STORE0008,1,149.69,22.92,126.77
2024-05-01,PROD0030,77,STORE0009,9,243.58,3.63,2188.59
2024-06-01,PROD0020,219,STORE0005,1,21.93,21.01,0.92
2024-07-01,PROD0026,107,STORE0001,8,346.7,3.21,2770.39
2024-08-01,PROD0008,238,STORE0002,9,171.89,30.85,1516.16
2024-09-01,PROD0005,197,STORE0001,5,142.08,17.98,692.42
2024-10-01,PROD0043,85,STORE0010,7,78.34,8.31,540.07
2024-11-01,PROD0021,172,STORE0009,4,72.21,49.6,239.24
2024-12-01,PROD0013,43,STORE0010,7,178.89,33.54,1218.69
2023-01-01,PROD0033,108,STORE0003,7,323.97,10.86,2256.93
2023-02-01,PROD0048,233,STORE0009,6,56.76,47.67,292.89
2023-03-01,PROD0009,260,STORE0004,6,41.0,41.6,204.4
2023-04-01,PROD0004,21,STORE0009,1,178.91,11.63,167.28
2023-05-01,PROD0021,260,STORE0005,1,256.57,4.43,252.14
2023-06-01,PROD0049,189,STORE0004,5,415.75,47.67,2031.08
2023-07-01,PROD0048,141,STORE0010,8,89.68,18.51,698.93
2023-08-01,PROD0024,96,STORE0006,7,193.32,7.26,1345.98
2023-09-01,PROD0004,116,STORE0009,6,403.86,46.4,2376.76
2023-10-01,PROD0017,110,STORE0009,4,413.18,6.34,1646.38
2023-11-01,PROD0020,171,STORE0002,2,29.88,42.38,17.38
2023-12-01,PROD0050,165,STORE0001,5,497.03,23.3,2461.85
2024-01-01,PROD0039,16,STORE0007,7,302.1,3.69,2111.01
2024-02-01,PROD0002,94,STORE0008,5,494.94,15.79,2458.91
2024-03-01,PROD0001,254,STORE0008,9,157.81,48.8,1371.49
2024-04-01,PROD0012,131,STORE0007,6,350.59,7.35,2096.19
2024-05-01,PROD0018,11,STORE0010,1,297.24,49.63,247.61
2024-06-01,PROD0033,202,STORE0001,5,404.67,4.4,2018.95
2024-07-01,PROD0012,27,STORE0004,3,290.75,8.3,863.95
2024-08-01,PROD0010,184,STORE0002,9,231.02,5.12,2074.06
2024-09-01,PROD0010,37,STORE0009,9,123.45,30.19,1080.86
2024-10-01,PROD0007,52,STORE0010,3,121.43,20.83,343.46
2024-11-01,PROD0018,13,STORE0009,5,446.85,19.65,2214.6
2024-12-01,PROD0020,239,STORE0009,2,374.09,32.08,716.1
2023-01-01,PROD0049,270,STORE0004,1,285.58,18.53,267.05
2023-02-01,PROD0034,204,STORE0004,2,393.3,22.37,764.23
2023-03-01,PROD0015,2,STORE0001,6,393.26,31.31,2328.25
2023-04-01,PROD0022,147,STORE0010,3,86.0,5.78,252.22
2023-05-01,PROD0014,249,STORE0009,5,112.79,2.14,561.81
2023-06-01,PROD0016,120,STORE0006,6,188.31,25.48,1104.38
2023-07-01,PROD0009,172,STORE0006,2,415.36,8.51,822.21
2023-08-01,PROD0014,8,STORE0008,2,484.66,29.88,939.44
2023-09-01,PROD0025,142,STORE0006,5,279.8,33.39,1365.61
2023-10-01,PROD0016,222,STORE0004,4,479.08,0.27,1916.05
2023-11-01,PROD0045,51,STORE0009,1,193.93,18.63,175.3
2023-12-01,PROD0023,21,STORE0006,8,270.47,42.36,2121.4
2024-01-01,PROD0015,217,STORE0002,1,198.27,7.63,190.64
2024-02-01,PROD0032,200,STORE0010,1,352.27,36.03,316.24
2024-03-01,PROD0004,17,STORE0003,3,53.76,27.38,133.9
2024-04-01,PROD0041,178,STORE0004,7,153.15,37.03,1035.02
2024-05-01,PROD0003,108,STORE0008,8,63.46,15.3,492.38
2024-06-01,PROD0033,27,STORE0005,7,211.62,28.99,1452.35
2024-07-01,PROD0010,146,STORE0007,6,148.54,22.99,868.25
2024-08-01,PROD0020,227,STORE0005,3,205.03,28.87,586.22
2024-09-01,PROD0009,141,STORE0010,6,420.81,16.3,2508.56
2024-10-01,PROD0025,293,STORE0008,3,30.51,24.68,66.85
2024-11-01,PROD0035,59,STORE0009,5,285.22,30.84,1395.26
2024-12-01,PROD0006,243,STORE0009,9,70.43,26.71,607.16
2023-01-01,PROD0029,114,STORE0001,3,85.34,26.05,229.97
2023-02-01,PROD0050,87,STORE0003,7,437.83,6.93,3057.88
2023-03-01,PROD0035,274,STORE0009,4,442.96,18.15,1753.69
2023-04-01,PROD0028,286,STORE0008,5,39.22,29.53,166.57
2023-05-01,PROD0025,73,STORE0003,5,410.46,1.53,2050.77
2023-06-01,PROD0035,296,STORE0001,7,380.75,35.37,2629.88
2023-07-01,PROD0048,92,STORE0009,4,469.32,10.72,1866.56
2023-08-01,PROD0026,140,STORE0009,3,363.95,45.76,1046.09
2023-09-01,PROD0027,210,STORE0002,3,108.69,2.13,323.94
2023-10-01,PROD0017,67,STORE0003,8,263.63,35.65,2073.39
2023-11-01,PROD0035,167,STORE0005,6,199.97,46.56,1153.26
2023-12-01,PROD0046,178,STORE0009,4,252.16,26.33,982.31
2024-01-01,PROD0035,231,STORE0006,5,192.4,10.0,952.0
2024-02-01,PROD0018,237,STORE0009,6,350.28,38.3,2063.38
2024-03-01,PROD0026,12,STORE0010,6,276.38,13.07,1645.21
2024-04-01,PROD0032,137,STORE0002,3,132.87,15.51,383.1
2024-05-01,PROD0011,234,STORE0002,4,161.55,8.75,637.45
2024-06-01,PROD0038,8,STORE0007,1,156.08,35.79,120.29
2024-07-01,PROD0050,31,STORE0005,3,117.79,44.07,309.3
2024-08-01,PROD0024,157,STORE0004,7,70.9,32.89,463.41
2024-09-01,PROD0029,137,STORE0006,9,36.34,39.63,287.43
2024-10-01,PROD0019,71,STORE0003,6,431.9,46.08,2545.32
2024-11-01,PROD0024,288,STORE0005,2,475.26,21.44,929.08
2024-12-01,PROD0029,147,STORE0008,1,486.7,27.02,459.68
2023-01-01,PROD0036,168,STORE0006,9,146.81,23.61,1297.68
2023-02-01,PROD0040,23,STORE0010,1,477.48,18.53,458.95
2023-03-01,PROD0030,55,STORE0009,9,36.73,1.28,329.29
2023-04-01,PROD0025,267,STORE0009,2,499.89,20.17,979.61
2023-05-01,PROD0005,284,STORE0010,2,418.51,31.63,805.39
2023-06-01,PROD0002,160,STORE0008,1,150.67,44.12,106.55
2023-07-01,PROD0042,123,STORE0005,1,242.02,26.61,215.41
2023-08-01,PROD0020,203,STORE0003,8,352.65,30.97,2790.23
2023-09-01,PROD0039,172,STORE0006,1,236.27,4.37,231.9
2023-10-01,PROD0017,254,STORE0004,5,53.61,39.72,228.33
2023-11-01,PROD0046,154,STORE0008,6,155.51,31.8,901.26
2023-12-01,PROD0039,145,STORE0006,8,211.26,32.65,1657.43
2024-01-01,PROD0047,183,STORE0003,1,29.29,21.03,8.26
2024-02-01,PROD0002,79,STORE0004,9,298.65,26.77,2661.08
2024-03-01,PROD0028,81,STORE0009,1,425.19,30.11,395.08
2024-04-01,PROD0022,45,STORE0005,6,261.66,4.53,1565.43
2024-05-01,PROD0007,168,STORE0002,2,136.11,38.94,233.28
2024-06-01,PROD0022,222,STORE0010,5,267.97,36.69,1303.16
2024-07-01,PROD0033,48,STORE0009,3,351.74,38.59,1016.63
2024-08-01,PROD0009,266,STORE0007,1,486.04,20.43,465.61
2024-09-01,PROD0039,241,STORE0001,2,114.07,37.81,190.33
2024-10-01,PROD0015,164,STORE0007,5,112.21,19.92,541.13
2024-11-01,PROD0018,228,STORE0002,5,404.46,40.03,1982.27
2024-12-01,PROD0023,250,STORE0003,7,222.19,18.07,1537.26
2023-01-01,PROD0026,149,STORE0008,2,70.41,45.13,95.69
2023-02-01,PROD0038,52,STORE0009,8,481.98,47.82,3808.02
2023-03-01,PROD0036,166,STORE0009,3,146.12,1.84,436.52
2023-04-01,PROD0043,289,STORE0006,4,273.6,44.45,1049.95
2023-05-01,PROD0048,81,STORE0002,7,142.28,10.0,985.96
2023-06-01,PROD0041,165,STORE0009,4,69.34,1.83,275.53
2023-07-01,PROD0028,195,STORE0006,8,62.3,39.79,458.61
2023-08-01,PROD0010,149,STORE0009,2,94.9,32.0,157.8
2023-09-01,PROD0043,13,STORE0010,7,438.39,11.11,3057.62
2023-10-01,PROD0006,180,STORE0002,3,338.76,14.79,1001.49
2023-11-01,PROD0026,176,STORE0010,6,487.02,25.37,2896.75
2023-12-01,PROD0045,246,STORE0009,4,340.6,7.78,1354.62
2024-01-01,PROD0047,54,STORE0007,2,97.67,22.29,173.05
2024-02-01,PROD0036,42,STORE0005,8,457.14,18.73,3638.39
2024-03-01,PROD0040,205,STORE0010,6,240.15,48.77,1392.13
2024-04-01,PROD0003,84,STORE0002,9,376.97,42.98,3349.75
2024-05-01,PROD0006,62,STORE0006,4,343.75,46.33,1328.67
2024-06-01,PROD0009,81,STORE0007,8,20.92,26.4,140.96
2024-07-01,PROD0042,56,STORE0009,2,467.92,33.78,902.06
2024-08-01,PROD0008,230,STORE0004,8,91.52,24.19,707.97
2024-09-01,PROD0026,100,STORE0005,4,476.68,5.31,1901.41
2024-10-01,PROD0017,80,STORE0001,6,122.62,12.8,722.92
2024-11-01,PROD0003,51,STORE0008,9,189.23,37.54,1665.53
2024-12-01,PROD0034,91,STORE0007,7,116.96,5.59,813.13
2023-01-01,PROD0022,55,STORE0003,4,182.88,18.3,713.22
2023-02-01,PROD0004,289,STORE0008,1,185.04,25.74,159.3
2023-03-01,PROD0023,264,STORE0002,6,435.44,33.2,2579.44
2023-04-01,PROD0040,71,STORE0001,4,25.75,16.05,86.95
2023-05-01,PROD0001,135,STORE0003,2,279.11,48.35,509.87
2023-06-01,PROD0022,216,STORE0001,5,310.6,7.06,1545.94
2023-07-01,PROD0020,293,STORE0010,6,294.7,17.36,1750.84
2023-08-01,PROD0003,82,STORE0009,5,190.85,23.38,930.87
2023-09-01,PROD0027,221,STORE0010,7,425.77,44.71,2935.68
2023-10-01,PROD0007,13,STORE0001,6,255.42,6.72,1525.8
2023-11-01,PROD0013,12,STORE0007,9,221.52,7.51,1986.17
2023-12-01,PROD0025,41,STORE0004,4,355.61,2.2,1420.24
2024-01-01,PROD0037,81,STORE0001,5,185.76,24.13,904.67
2024-02-01,PROD0034,176,STORE0001,9,140.74,22.67,1243.99
2024-03-01,PROD0039,245,STORE0010,6,465.0,19.26,2770.74
2024-04-01,PROD0035,288,STORE0002,1,28.05,7.85,20.2
2024-05-01,PROD0031,154,STORE0008,6,111.29,12.75,654.99
2024-06-01,PROD0019,108,STORE0005,3,431.23,25.04,1268.65
2024-07-01,PROD0013,207,STORE0007,3,118.16,32.91,321.57
2024-08-01,PROD0011,63,STORE0007,7,415.72,19.1,2890.94
2024-09-01,PROD0031,289,STORE0003,7,465.28,30.74,3226.22
2024-10-01,PROD0027,30,STORE0009,1,194.27,45.51,148.76
2024-11-01,PROD0001,210,STORE0010,8,79.56,28.26,608.22
2024-12-01,PROD0036,277,STORE0008,9,355.95,11.27,3192.28
2023-01-01,PROD0007,132,STORE0002,7,323.69,45.8,2220.03
2023-02-01,PROD0018,185,STORE0009,3,390.11,40.4,1129.93
2023-03-01,PROD0010,176,STORE0007,3,67.85,15.43,188.12
2023-04-01,PROD0022,287,STORE0007,3,290.43,14.59,856.7
2023-05-01,PROD0030,125,STORE0009,9,80.39,18.46,705.05
2023-06-01,PROD0020,249,STORE0005,9,23.71,40.96,172.43
2023-07-01,PROD0028,67,STORE0004,7,362.44,40.98,2496.1
2023-08-01,PROD0006,24,STORE0002,8,233.51,49.48,1818.6
2023-09-01,PROD0003,100,STORE0004,8,39.49,8.17,307.75
2023-10-01,PROD0012,218,STORE0005,6,156.11,47.17,889.49
2023-11-01,PROD0042,259,STORE0002,4,339.02,33.36,1322.72
2023-12-01,PROD0032,57,STORE0010,2,229.67,32.47,426.87
2024-01-01,PROD0030,186,STORE0001,7,57.69,11.23,392.6
2024-02-01,PROD0042,16,STORE0007,9,185.62,37.06,1633.52
2024-03-01,PROD0050,103,STORE0003,9,130.73,12.84,1163.73
2024-04-01,PROD0008,142,STORE0008,2,165.42,15.46,315.38
2024-05-01,PROD0005,246,STORE0006,2,426.12,23.08,829.16
2024-06-01,PROD0019,248,STORE0003,1,454.44,27.28,427.16
2024-07-01,PROD0025,204,STORE0003,9,226.57,42.28,1996.85
2024-08-01,PROD0010,180,STORE0010,2,284.88,4.04,565.72
2024-09-01,PROD0012,119,STORE0004,9,139.16,18.5,1233.94
2024-10-01,PROD0010,98,STORE0009,5,210.02,8.4,1041.7
2024-11-01,PROD0037,216,STORE0001,2,228.61,28.57,428.65
2024-12-01,PROD0045,116,STORE0006,9,173.3,40.53,1519.17
2023-01-01,PROD0004,53,STORE0005,9,330.35,11.3,2961.85
2023-02-01,PROD0001,280,STORE0009,9,287.52,44.61,2543.07
2023-03-01,PROD0007,93,STORE0008,5,179.52,37.97,859.63
2023-04-01,PROD0042,117,STORE0010,6,197.24,44.44,1139.0
2023-05-01,PROD0004,151,STORE0009,9,301.31,45.29,2666.5
2023-06-01,PROD0026,19,STORE0002,2,173.64,15.2,332.08
2023-07-01,PROD0002,71,STORE0008,6,109.66,30.75,627.21
2023-08-01,PROD0040,68,STORE0007,9,127.25,35.98,1109.27
2023-09-01,PROD0020,158,STORE0005,7,93.24,40.1,612.58
2023-10-01,PROD0023,1,STORE0010,3,28.33,41.21,43.78
2023-11-01,PROD0043,124,STORE0005,4,61.54,17.1,229.06
2023-12-01,PROD0026,120,STORE0002,2,72.56,36.79,108.33
2024-01-01,PROD0039,116,STORE0004,6,439.34,39.85,2596.19
2024-02-01,PROD0044,185,STORE0007,3,453.29,13.76,1346.11
2024-03-01,PROD0011,39,STORE0005,6,177.55,49.6,1015.7
2024-04-01,PROD0047,1,STORE0004,4,424.01,21.4,1674.64
2024-05-01,PROD0038,246,STORE0004,5,322.7,40.77,1572.73
2024-06-01,PROD0050,107,STORE0008,4,337.99,33.7,1318.26
2024-07-01,PROD0039,174,STORE0001,5,445.61,15.1,2212.95
2024-08-01,PROD0005,235,STORE0005,9,424.4,2.3,3817.3
2024-09-01,PROD0043,6,STORE0009,7,39.98,36.72,243.14
2024-10-01,PROD0012,209,STORE0003,4,425.38,32.73,1668.79
2024-11-01,PROD0031,224,STORE0005,6,442.72,29.2,2627.12
2024-12-01,PROD0016,55,STORE0003,4,441.24,30.25,1734.71
2023-01-01,PROD0023,103,STORE0003,2,128.54,31.63,225.45
2023-02-01,PROD0042,117,STORE0006,1,329.61,7.78,321.83
2023-03-01,PROD0015,246,STORE0003,7,217.69,40.17,1483.66
2023-04-01,PROD0048,142,STORE0007,4,459.16,23.24,1813.4
2023-05-01,PROD0035,143,STORE0005,7,436.9,0.4,3057.9
2023-06-01,PROD0018,178,STORE0009,9,173.14,6.93,1551.33
2023-07-01,PROD0039,179,STORE0003,6,496.5,26.06,2952.94
2023-08-01,PROD0024,1,STORE0010,6,454.73,35.7,2692.68
2023-09-01,PROD0011,51,STORE0008,7,458.41,35.18,3173.69
2023-10-01,PROD0042,150,STORE0001,9,217.26,17.74,1937.6
2023-11-01,PROD0002,138,STORE0009,2,375.8,3.55,748.05
2023-12-01,PROD0028,163,STORE0006,9,158.7,18.2,1410.1
2024-01-01,PROD0013,232,STORE0009,9,104.46,36.43,903.71
2024-02-01,PROD0037,232,STORE0002,6,392.72,3.14,2353.18
2024-03-01,PROD0010,220,STORE0006,1,245.31,36.34,208.97
2024-04-01,PROD0044,133,STORE0006,6,360.28,3.94,2157.74
2024-05-01,PROD0019,28,STORE0002,8,393.53,33.67,3114.57
2024-06-01,PROD0025,50,STORE0001,2,395.2,13.77,776.63
2024-07-01,PROD0035,298,STORE0007,1,127.0,33.5,93.5
2024-08-01,PROD0030,163,STORE0002,3,350.72,28.26,1023.9
2024-09-01,PROD0050,236,STORE0008,6,394.2,32.68,2332.52
2024-10-01,PROD0048,95,STORE0010,8,201.83,33.13,1581.51
2024-11-01,PROD0013,84,STORE0010,1,374.19,6.67,367.52
2024-12-01,PROD0048,28,STORE0006,3,190.84,9.85,562.67
2023-01-01,PROD0014,58,STORE0007,5,35.07,21.36,153.99
2023-02-01,PROD0024,149,STORE0006,6,104.69,40.14,588.0
2023-03-01,PROD0004,276,STORE0003,6,337.9,49.42,1977.98
2023-04-01,PROD0021,205,STORE0004,5,183.41,44.13,872.92
2023-05-01,PROD0036,131,STORE0006,1,152.54,3.58,148.96
2023-06-01,PROD0045,104,STORE0009,4,316.0,43.6,1220.4
2023-07-01,PROD0025,239,STORE0005,2,261.95,13.72,510.18
2023-08-01,PROD0022,103,STORE0007,8,107.07,42.05,814.51
2023-09-01,PROD0036,57,STORE0010,1,447.66,26.31,421.35
2023-10-01,PROD0036,64,STORE0009,4,276.44,47.87,1057.89
2023-11-01,PROD0042,21,STORE0007,6,159.56,17.92,939.44
2023-12-01,PROD0013,94,STORE0005,3,272.03,38.68,777.41
2024-01-01,PROD0012,46,STORE0003,5,27.62,19.37,118.73
2024-02-01,PROD0008,273,STORE0006,5,288.22,2.9,1438.2
2024-03-01,PROD0031,70,STORE0006,8,53.04,16.72,407.6
2024-04-01,PROD0045,158,STORE0009,2,53.74,17.46,90.02
2024-05-01,PROD0006,77,STORE0005,7,23.28,37.4,125.56
2024-06-01,PROD0034,146,STORE0001,3,143.21,33.19,396.44
2024-07-01,PROD0042,134,STORE0004,1,385.24,48.69,336.55
2024-08-01,PROD0022,133,STORE0006,4,277.05,39.65,1068.55
2024-09-01,PROD0008,134,STORE0010,4,183.0,31.36,700.64
2024-10-01,PROD0048,116,STORE0009,7,306.56,33.25,2112.67
2024-11-01,PROD0029,30,STORE0010,8,453.21,46.69,3578.99
2024-12-01,PROD0035,216,STORE0007,8,251.99,9.16,2006.76
2023-01-01,PROD0002,115,STORE0009,2,337.07,7.59,666.55
2023-02-01,PROD0034,192,STORE0007,7,417.45,8.98,2913.17
2023-03-01,PROD0021,67,STORE0003,7,142.47,24.96,972.33
2023-04-01,PROD0003,117,STORE0005,8,466.09,38.8,3689.92
2023-05-01,PROD0008,132,STORE0004,3,277.3,28.77,803.13
2023-06-01,PROD0042,131,STORE0010,3,24.86,37.99,36.59
2023-07-01,PROD0006,78,STORE0003,2,275.54,34.82,516.26
2023-08-01,PROD0035,225,STORE0004,9,459.62,16.22,4120.36
2023-09-01,PROD0001,224,STORE0005,8,433.53,14.01,3454.23
2023-10-01,PROD0030,105,STORE0005,9,152.84,12.91,1362.65
2023-11-01,PROD0022,149,STORE0009,4,36.33,49.65,95.67
2023-12-01,PROD0038,120,STORE0009,3,288.39,10.74,854.43
2024-01-01,PROD0039,175,STORE0002,1,150.02,13.91,136.11
2024-02-01,PROD0034,45,STORE0008,9,433.77,37.4,3866.53
2024-03-01,PROD0028,191,STORE0009,9,174.23,31.47,1536.6
2024-04-01,PROD0036,108,STORE0005,3,69.39,46.91,161.26
2024-05-01,PROD0003,171,STORE0005,8,420.32,12.35,3350.21
2024-06-01,PROD0036,31,STORE0004,1,319.78,12.31,307.47
2024-07-01,PROD0004,263,STORE0009,5,318.77,3.12,1590.73
2024-08-01,PROD0026,184,STORE0004,9,454.64,42.39,4049.37
2024-09-01,PROD0023,27,STORE0006,7,151.2,39.77,1018.63
2024-10-01,PROD0034,99,STORE0005,3,374.16,41.88,1080.6
2024-11-01,PROD0035,95,STORE0003,4,474.32,29.65,1867.63
2024-12-01,PROD0049,263,STORE0002,8,98.54,40.19,748.13
2023-01-01,PROD0022,121,STORE0001,6,383.08,49.13,2249.35
2023-02-01,PROD0014,112,STORE0007,9,348.07,20.43,3112.2
2023-03-01,PROD0049,266,STORE0006,4,115.32,33.42,427.86
2023-04-01,PROD0009,266,STORE0007,2,36.07,10.33,61.81
2023-05-01,PROD0025,214,STORE0002,7,23.67,23.46,142.23
2023-06-01,PROD0043,274,STORE0008,5,167.09,24.12,811.33
2023-07-01,PROD0049,265,STORE0004,6,32.55,48.53,146.77
2023-08-01,PROD0023,234,STORE0007,2,195.18,41.05,349.31
2023-09-01,PROD0035,280,STORE0008,4,252.06,22.03,986.21
2023-10-01,PROD0013,292,STORE0002,2,234.51,44.87,424.15
2023-11-01,PROD0032,295,STORE0003,6,496.6,14.5,2965.1
2023-12-01,PROD0035,156,STORE0002,3,288.31,14.55,850.38
2024-01-01,PROD0047,63,STORE0003,3,248.8,22.14,724.26
2024-02-01,PROD0026,169,STORE0005,3,491.4,25.14,1449.06
2024-03-01,PROD0017,223,STORE0005,4,31.13,11.65,112.87
2024-04-01,PROD0033,279,STORE0007,7,75.1,22.42,503.28
2024-05-01,PROD0018,160,STORE0005,9,325.59,26.71,2903.6
2024-06-01,PROD0002,35,STORE0003,6,486.72,19.06,2901.26
2024-07-01,PROD0014,297,STORE0004,6,360.94,2.75,2162.89
2024-08-01,PROD0038,212,STORE0006,7,276.3,32.16,1901.94
2024-09-01,PROD0035,277,STORE0001,5,211.77,20.34,1038.51
2024-10-01,PROD0022,70,STORE0001,7,130.08,28.98,881.58
2024-11-01,PROD0031,25,STORE0003,2,60.48,0.42,120.54
2024-12-01,PROD0028,146,STORE0010,1,132.63,7.94,124.69
2023-01-01,PROD0003,152,STORE0008,8,61.17,6.6,482.76
2023-02-01,PROD0010,36,STORE0002,9,402.43,46.3,3575.57
2023-03-01,PROD0006,119,STORE0006,1,317.99,39.89,278.1
2023-04-01,PROD0021,244,STORE0004,1,311.9,36.29,275.61
2023-05-01,PROD0019,11,STORE0005,6,410.68,33.81,2430.27
2023-06-01,PROD0034,157,STORE0003,9,179.12,10.31,1601.77
2023-07-01,PROD0003,22,STORE0009,5,380.91,1.13,1903.42
2023-08-01,PROD0017,62,STORE0009,8,101.06,32.09,776.39
2023-09-01,PROD0020,142,STORE0009,7,199.82,16.37,1382.37
2023-10-01,PROD0028,275,STORE0006,4,219.11,25.38,851.06
2023-11-01,PROD0050,82,STORE0008,1,400.94,31.3,369.64
2023-12-01,PROD0039,297,STORE0007,9,114.75,9.84,1022.91
2024-01-01,PROD0008,17,STORE0001,2,333.37,15.9,650.84
2024-02-01,PROD0036,241,STORE0003,6,469.94,38.42,2781.22
2024-03-01,PROD0034,223,STORE0010,5,127.23,22.89,613.26
2024-04-01,PROD0027,134,STORE0005,4,108.95,29.52,406.28
2024-05-01,PROD0002,157,STORE0005,6,266.13,43.04,1553.74
2024-06-01,PROD0029,96,STORE0002,6,472.58,16.93,2818.55
2024-07-01,PROD0038,106,STORE0002,5,38.71,28.06,165.49
2024-08-01,PROD0014,61,STORE0002,3,311.0,23.19,909.81
2024-09-01,PROD0022,252,STORE0010,7,448.11,36.2,3100.57
2024-10-01,PROD0038,283,STORE0003,6,236.8,14.69,1406.11
2024-11-01,PROD0002,166,STORE0003,7,48.8,36.26,305.34
2024-12-01,PROD0008,177,STORE0010,1,204.05,2.04,202.01
2023-01-01,PROD0047,97,STORE0010,8,48.37,47.35,339.61
2023-02-01,PROD0019,95,STORE0003,6,41.35,9.67,238.43
2023-03-01,PROD0018,116,STORE0003,4,308.82,20.47,1214.81
2023-04-01,PROD0001,148,STORE0010,9,30.39,32.62,240.89
2023-05-01,PROD0042,222,STORE0006,1,88.72,7.56,81.16
2023-06-01,PROD0029,209,STORE0008,6,384.9,48.19,2261.21
2023-07-01,PROD0037,69,STORE0004,7,21.66,49.3,102.32
2023-08-01,PROD0013,226,STORE0003,2,310.1,27.41,592.79
2023-09-01,PROD0028,227,STORE0003,9,185.58,29.59,1640.63
2023-10-01,PROD0003,187,STORE0008,7,48.87,49.51,292.58
2023-11-01,PROD0036,7,STORE0005,7,278.33,11.07,1937.24
2023-12-01,PROD0029,290,STORE0009,6,355.41,21.25,2111.21
2024-01-01,PROD0044,13,STORE0003,6,245.34,32.63,1439.41
2024-02-01,PROD0016,247,STORE0004,8,68.04,17.9,526.42
2024-03-01,PROD0037,138,STORE0003,1,55.78,19.13,36.65
2024-04-01,PROD0016,21,STORE0010,1,397.19,44.66,352.53
2024-05-01,PROD0023,61,STORE0003,1,163.84,4.34,159.5
2024-06-01,PROD0005,75,STORE0006,7,469.56,48.59,3238.33
2024-07-01,PROD0028,234,STORE0004,6,248.27,41.34,1448.28
2024-08-01,PROD0034,106,STORE0008,3,281.93,25.19,820.6
2024-09-01,PROD0020,26,STORE0009,4,207.83,41.27,790.05
2024-10-01,PROD0029,88,STORE0005,5,231.69,8.79,1149.66
2024-11-01,PROD0048,87,STORE0008,6,257.39,38.9,1505.44
2024-12-01,PROD0033,32,STORE0003,4,483.08,28.34,1903.98
2023-01-01,PROD0021,193,STORE0004,2,38.38,26.07,50.69
2023-02-01,PROD0016,237,STORE0004,5,203.71,15.74,1002.81
2023-03-01,PROD0001,256,STORE0006,5,185.11,1.62,923.93
2023-04-01,PROD0035,252,STORE0006,8,169.82,44.3,1314.26
2023-05-01,PROD0034,93,STORE0003,3,394.2,38.38,1144.22
2023-06-01,PROD0015,297,STORE0006,8,22.71,14.57,167.11
2023-07-01,PROD0014,255,STORE0002,2,495.83,20.66,971.0
2023-08-01,PROD0016,128,STORE0001,4,372.71,26.35,1464.49
2023-09-01,PROD0025,108,STORE0001,4,44.22,34.1,142.78
2023-10-01,PROD0034,149,STORE0002,1,459.4,0.19,459.21
2023-11-01,PROD0023,153,STORE0007,7,340.71,46.87,2338.1
2023-12-01,PROD0041,202,STORE0005,1,81.9,48.52,33.38
2024-01-01,PROD0048,252,STORE0008,8,468.05,19.22,3725.18
2024-02-01,PROD0021,262,STORE0001,7,76.03,10.21,522.0
2024-03-01,PROD0037,234,STORE0009,8,95.29,13.25,749.07
2024-04-01,PROD0025,167,STORE0004,1,327.34,10.79,316.55
2024-05-01,PROD0023,18,STORE0009,7,156.0,47.83,1044.17
2024-06-01,PROD0019,80,STORE0002,3,57.6,32.25,140.55
2024-07-01,PROD0026,120,STORE0001,5,485.42,40.26,2386.84
2024-08-01,PROD0049,257,STORE0001,4,398.95,13.52,1582.28
2024-09-01,PROD0011,161,STORE0005,8,182.5,40.87,1419.13
2024-10-01,PROD0016,88,STORE0007,3,484.89,24.76,1429.91
2024-11-01,PROD0006,268,STORE0010,6,330.46,14.74,1968.02
2024-12-01,PROD0015,243,STORE0009,4,174.72,44.29,654.59
2023-01-01,PROD0001,65,STORE0007,1,42.67,12.88,29.79
2023-02-01,PROD0023,217,STORE0007,4,259.51,33.77,1004.27
2023-03-01,PROD0042,169,STORE0004,5,351.65,29.84,1728.41
2023-04-01,PROD0012,176,STORE0009,1,296.04,18.89,277.15
2023-05-01,PROD0019,40,STORE0002,7,273.47,48.14,1866.15
2023-06-01,PROD0009,279,STORE0009,3,119.89,35.82,323.85
2023-07-01,PROD0024,33,STORE0009,9,224.58,4.24,2016.98
2023-08-01,PROD0036,114,STORE0006,4,89.63,15.22,343.3
2023-09-01,PROD0019,107,STORE0002,6,153.26,39.58,879.98
2023-10-01,PROD0038,239,STORE0010,6,136.29,25.87,791.87
2023-11-01,PROD0035,41,STORE0005,1,234.68,29.16,205.52
2023-12-01,PROD0012,118,STORE0001,3,321.83,32.19,933.3
2024-01-01,PROD0027,272,STORE0007,9,294.33,9.67,2639.3
2024-02-01,PROD0009,59,STORE0003,6,440.42,19.25,2623.27
2024-03-01,PROD0003,92,STORE0008,3,376.19,20.73,1107.84
2024-04-01,PROD0037,153,STORE0009,9,209.2,26.59,1856.21
2024-05-01,PROD0016,43,STORE0006,2,273.73,13.22,534.24
2024-06-01,PROD0002,66,STORE0005,7,207.92,16.19,1439.25
2024-07-01,PROD0025,80,STORE0005,1,171.9,35.38,136.52
2024-08-01,PROD0032,271,STORE0010,1,391.33,41.66,349.67
2024-09-01,PROD0033,263,STORE0003,2,473.25,8.55,937.95
2024-10-01,PROD0042,14,STORE0003,2,390.57,35.17,745.97
2024-11-01,PROD0003,126,STORE0004,7,82.81,30.51,549.16
2024-12-01,PROD0043,213,STORE0009,5,38.82,34.59,159.51
2023-01-01,PROD0037,234,STORE0001,4,340.19,31.79,1328.97
2023-02-01,PROD0016,93,STORE0007,7,406.66,5.77,2840.85
2023-03-01,PROD0034,19,STORE0009,9,127.5,31.98,1115.52
2023-04-01,PROD0026,37,STORE0006,4,142.16,25.27,543.37
2023-05-01,PROD0034,185,STORE0001,5,231.87,43.6,1115.75
2023-06-01,PROD0017,249,STORE0006,8,461.85,6.74,3688.06
2023-07-01,PROD0039,90,STORE0004,4,483.0,13.71,1918.29
2023-08-01,PROD0048,184,STORE0010,6,456.23,48.26,2689.12
2023-09-01,PROD0036,106,STORE0009,5,326.19,14.09,1616.86
2023-10-01,PROD0025,279,STORE0009,2,342.94,7.42,678.46
2023-11-01,PROD0039,10,STORE0007,3,208.4,22.35,602.85
2023-12-01,PROD0002,58,STORE0002,5,276.99,32.98,1351.97
2024-01-01,PROD0016,274,STORE0010,2,129.83,41.03,218.63
2024-02-01,PROD0020,25,STORE0008,2,391.26,23.86,758.66
2024-03-01,PROD0027,104,STORE0002,6,367.17,30.89,2172.13
2024-04-01,PROD0041,83,STORE0005,6,152.65,25.34,890.56
2024-05-01,PROD0010,54,STORE0001,9,296.56,33.98,2635.06
2024-06-01,PROD0027,15,STORE0008,6,254.12,18.84,1505.88
2024-07-01,PROD0013,238,STORE0009,3,397.74,29.5,1163.72
2024-08-01,PROD0038,76,STORE0004,6,407.4,23.64,2420.76
2024-09-01,PROD0011,259,STORE0010,1,187.99,43.01,144.98
2024-10-01,PROD0004,12,STORE0008,9,376.05,5.04,3379.41
2024-11-01,PROD0024,122,STORE0006,4,432.42,25.46,1704.22
2024-12-01,PROD0045,62,STORE0006,5,253.99,47.01,1222.94
2023-01-01,PROD0037,245,STORE0009,4,411.75,15.51,1631.49
2023-02-01,PROD0037,43,STORE0008,6,391.53,19.09,2330.09
2023-03-01,PROD0031,151,STORE0006,2,422.83,41.03,804.63
2023-04-01,PROD0032,255,STORE0006,1,363.34,20.12,343.22
2023-05-01,PROD0019,213,STORE0008,4,281.7,0.47,1126.33
2023-06-01,PROD0035,19,STORE0006,6,193.97,47.79,1116.03
2023-07-01,PROD0033,147,STORE0004,3,93.56,5.69,274.99
2023-08-01,PROD0049,247,STORE0002,2,43.4,24.68,62.12
2023-09-01,PROD0045,242,STORE0002,3,125.48,8.03,368.41
2023-10-01,PROD0049,260,STORE0003,3,103.82,35.7,275.76
2023-11-01,PROD0007,10,STORE0004,2,40.11,47.87,32.35
2023-12-01,PROD0047,268,STORE0006,3,156.26,8.85,459.93
2024-01-01,PROD0018,300,STORE0002,5,246.75,7.95,1225.8
2024-02-01,PROD0029,72,STORE0009,5,260.83,29.59,1274.56
2024-03-01,PROD0047,69,STORE0007,6,418.28,41.43,2468.25
2024-04-01,PROD0011,173,STORE0005,4,29.78,15.52,103.6
2024-05-01,PROD0016,245,STORE0004,7,352.36,24.28,2442.24
2024-06-01,PROD0045,86,STORE0004,6,330.44,32.82,1949.82
2024-07-01,PROD0008,142,STORE0002,8,247.77,18.19,1963.97
2024-08-01,PROD0010,286,STORE0003,2,437.42,8.72,866.12
2024-09-01,PROD0042,174,STORE0001,6,408.14,10.86,2437.98
2024-10-01,PROD0001,248,STORE0003,4,245.22,22.85,958.03
2024-11-01,PROD0033,14,STORE0007,4,388.3,46.17,1507.03
2024-12-01,PROD0025,254,STORE0005,8,399.26,20.93,3173.15
2023-01-01,PROD0028,115,STORE0010,1,97.3,45.34,51.96
2023-02-01,PROD0016,68,STORE0005,6,177.3,46.19,1017.61
2023-03-01,PROD0048,288,STORE0008,3,269.2,34.04,773.56
2023-04-01,PROD0038,32,STORE0001,8,76.58,15.91,596.73
2023-05-01,PROD0048,148,STORE0007,5,437.31,9.64,2176.91
2023-06-01,PROD0045,114,STORE0007,3,304.15,26.72,885.73
2023-07-01,PROD0039,101,STORE0010,2,41.64,37.57,45.71
2023-08-01,PROD0019,15,STORE0001,5,50.21,22.2,228.85
2023-09-01,PROD0037,81,STORE0002,1,102.64,1.55,101.09
2023-10-01,PROD0022,204,STORE0002,4,225.06,33.98,866.26
2023-11-01,PROD0042,254,STORE0010,4,139.57,35.42,522.86
2023-12-01,PROD0016,15,STORE0009,1,145.59,18.37,127.22
2024-01-01,PROD0001,27,STORE0006,4,366.87,17.13,1450.35
2024-02-01,PROD0024,14,STORE0007,6,216.85,8.86,1292.24
2024-03-01,PROD0043,106,STORE0003,6,321.17,15.92,1911.1
2024-04-01,PROD0034,245,STORE0004,8,203.82,47.09,1583.47
2024-05-01,PROD0007,30,STORE0001,9,437.44,47.73,3889.23
2024-06-01,PROD0039,227,STORE0007,2,237.25,37.84,436.66
2024-07-01,PROD0013,202,STORE0004,1,421.24,21.27,399.97
2024-08-01,PROD0024,36,STORE0001,8,348.89,39.16,2751.96
2024-09-01,PROD0039,287,STORE0001,7,472.03,46.45,3257.76
2024-10-01,PROD0001,167,STORE0004,2,420.58,8.07,833.09
2024-11-01,PROD0027,157,STORE0008,3,377.91,26.97,1106.76
2024-12-01,PROD0006,141,STORE0001,7,26.13,22.84,160.07
2023-01-01,PROD0024,259,STORE0002,2,258.17,6.73,509.61
2023-02-01,PROD0038,140,STORE0008,2,371.9,47.59,696.21
2023-03-01,PROD0046,102,STORE0003,2,445.12,3.74,886.5
2023-04-01,PROD0037,200,STORE0008,3,146.94,12.15,428.67
2023-05-01,PROD0036,52,STORE0003,4,79.92,12.51,307.17
2023-06-01,PROD0048,285,STORE0003,8,158.37,30.15,1236.81
2023-07-01,PROD0010,96,STORE0010,2,400.28,25.17,775.39
2023-08-01,PROD0038,164,STORE0006,1,407.35,20.04,387.31
2023-09-01,PROD0024,63,STORE0005,2,75.93,32.29,119.57
2023-10-01,PROD0039,133,STORE0002,5,158.82,7.04,787.06
2023-11-01,PROD0025,38,STORE0009,9,79.0,31.05,679.95
2023-12-01,PROD0041,110,STORE0005,2,316.29,18.2,614.38
2024-01-01,PROD0045,181,STORE0001,1,128.34,40.45,87.89
2024-02-01,PROD0037,256,STORE0005,9,289.94,16.77,2592.69
2024-03-01,PROD0008,155,STORE0008,8,378.89,18.86,3012.26
2024-04-01,PROD0020,278,STORE0008,6,283.88,35.73,1667.55
2024-05-01,PROD0017,219,STORE0004,5,483.42,21.58,2395.52
2024-06-01,PROD0024,60,STORE0010,1,229.12,18.37,210.75
2024-07-01,PROD0037,161,STORE0004,3,148.11,5.89,438.44
2024-08-01,PROD0033,211,STORE0002,5,160.84,25.36,778.84
2024-09-01,PROD0031,15,STORE0004,2,87.68,18.94,156.42
2024-10-01,PROD0029,229,STORE0006,3,465.82,39.25,1358.21
2024-11-01,PROD0029,175,STORE0006,6,485.76,30.47,2884.09
2024-12-01,PROD0021,112,STORE0006,2,494.63,33.46,955.8
2023-01-01,PROD0038,159,STORE0005,9,384.17,4.52,3453.01
2023-02-01,PROD0032,271,STORE0010,5,342.62,4.95,1708.15
2023-03-01,PROD0010,181,STORE0008,1,408.4,11.29,397.11
2023-04-01,PROD0027,136,STORE0003,2,214.96,33.69,396.23
2023-05-01,PROD0001,62,STORE0005,4,114.77,44.34,414.74
2023-06-01,PROD0046,188,STORE0006,9,204.92,46.26,1798.02
2023-07-01,PROD0042,58,STORE0006,2,466.54,8.57,924.51
2023-08-01,PROD0040,242,STORE0001,5,261.55,46.11,1261.64
2023-09-01,PROD0007,249,STORE0009,5,229.98,9.33,1140.57
2023-10-01,PROD0023,267,STORE0002,2,124.82,5.64,244.0
2023-11-01,PROD0030,176,STORE0004,5,108.55,44.55,498.2
2023-12-01,PROD0024,109,STORE0007,8,422.52,7.86,3372.3
2024-01-01,PROD0028,45,STORE0002,3,292.18,15.74,860.8
2024-02-01,PROD0041,271,STORE0010,4,227.38,34.5,875.02
2024-03-01,PROD0048,259,STORE0005,6,250.74,23.07,1481.37
2024-04-01,PROD0022,162,STORE0005,3,284.7,41.71,812.39
2024-05-01,PROD0046,198,STORE0005,2,299.83,16.74,582.92
2024-06-01,PROD0024,132,STORE0003,2,287.41,46.13,528.69
2024-07-01,PROD0038,121,STORE0002,8,213.44,25.2,1682.32
2024-08-01,PROD0015,197,STORE0009,3,286.73,16.94,843.25
2024-09-01,PROD0040,31,STORE0004,1,316.54,8.09,308.45
2024-10-01,PROD0049,267,STORE0006,7,111.21,42.39,736.08
2024-11-01,PROD0002,37,STORE0008,2,456.68,19.84,893.52
2024-12-01,PROD0036,120,STORE0010,4,44.9,18.7,160.9
2023-01-01,PROD0004,83,STORE0002,6,371.01,18.87,2207.19
2023-02-01,PROD0039,154,STORE0002,6,488.07,20.14,2908.28
2023-03-01,PROD0012,167,STORE0006,6,199.55,10.81,1186.49
2023-04-01,PROD0023,271,STORE0010,7,383.39,34.77,2648.96
2023-05-01,PROD0047,102,STORE0003,8,433.43,12.7,3454.74
2023-06-01,PROD0031,8,STORE0008,5,372.88,14.13,1850.27
2023-07-01,PROD0021,82,STORE0009,9,466.95,16.68,4185.87
2023-08-01,PROD0046,207,STORE0002,2,350.02,3.27,696.77
2023-09-01,PROD0004,158,STORE0007,3,299.41,1.02,897.21
2023-10-01,PROD0018,106,STORE0007,5,155.99,18.3,761.65
2023-11-01,PROD0026,268,STORE0005,6,208.89,3.7,1249.64
2023-12-01,PROD0003,74,STORE0003,3,282.42,17.03,830.23
2024-01-01,PROD0045,114,STORE0002,6,185.27,18.36,1093.26
2024-02-01,PROD0006,87,STORE0006,9,248.57,16.81,2220.32
2024-03-01,PROD0005,7,STORE0009,6,155.26,27.66,903.9
2024-04-01,PROD0014,113,STORE0001,6,391.12,49.69,2297.03
2024-05-01,PROD0034,133,STORE0005,3,154.83,31.97,432.52
2024-06-01,PROD0011,28,STORE0005,3,176.42,1.08,528.18
2024-07-01,PROD0012,216,STORE0002,9,461.45,21.28,4131.77
2024-08-01,PROD0023,247,STORE0001,6,453.14,49.03,2669.81
2024-09-01,PROD0047,138,STORE0003,8,365.25,12.58,2909.42
2024-10-01,PROD0038,5,STORE0007,4,237.52,38.41,911.67
2024-11-01,PROD0049,34,STORE0006,3,162.73,8.84,479.35
2024-12-01,PROD0004,115,STORE0009,3,362.06,21.88,1064.3
2023-01-01,PROD0030,230,STORE0005,1,63.66,38.04,25.62
2023-02-01,PROD0049,75,STORE0010,6,443.58,40.65,2620.83
2023-03-01,PROD0020,28,STORE0010,3,450.04,3.3,1346.82
2023-04-01,PROD0016,228,STORE0008,4,368.45,17.42,1456.38
2023-05-01,PROD0008,96,STORE0003,5,189.0,3.75,941.25
2023-06-01,PROD0031,95,STORE0001,8,318.4,1.16,2546.04
2023-07-01,PROD0034,280,STORE0002,9,392.05,14.2,3514.25
2023-08-01,PROD0004,193,STORE0004,7,260.03,3.32,1816.89
2023-09-01,PROD0046,38,STORE0006,1,262.86,26.06,236.8
2023-10-01,PROD0012,141,STORE0005,3,74.56,44.77,178.91
2023-11-01,PROD0026,269,STORE0005,8,311.28,2.55,2487.69
2023-12-01,PROD0048,210,STORE0001,2,201.54,43.84,359.24
2024-01-01,PROD0045,10,STORE0006,9,169.5,38.91,1486.59
2024-02-01,PROD0039,280,STORE0004,9,475.92,34.23,4249.05
2024-03-01,PROD0019,235,STORE0003,3,77.0,41.44,189.56
2024-04-01,PROD0045,31,STORE0002,4,112.42,30.76,418.92
2024-05-01,PROD0013,44,STORE0002,2,148.44,13.35,283.53
2024-06-01,PROD0018,286,STORE0008,7,176.13,12.8,1220.11
2024-07-01,PROD0029,288,STORE0006,4,50.72,42.26,160.62
2024-08-01,PROD0024,227,STORE0005,4,221.41,8.69,876.95
2024-09-01,PROD0024,284,STORE0004,8,129.74,35.22,1002.7
2024-10-01,PROD0026,266,STORE0001,6,351.0,47.09,2058.91
2024-11-01,PROD0037,60,STORE0003,9,362.42,1.73,3260.05
2024-12-01,PROD0018,46,STORE0010,3,453.02,22.12,1336.94
2023-01-01,PROD0038,300,STORE0005,2,265.9,1.37,530.43
2023-02-01,PROD0022,19,STORE0008,7,119.84,35.42,803.46
2023-03-01,PROD0019,245,STORE0003,2,469.68,11.18,928.18
2023-04-01,PROD0045,224,STORE0004,4,61.19,9.37,235.39
2023-05-01,PROD0028,2,STORE0001,1,248.4,5.81,242.59
2023-06-01,PROD0021,259,STORE0005,1,426.83,49.64,377.19
2023-07-01,PROD0035,141,STORE0007,1,425.05,30.39,394.66
2023-08-01,PROD0041,123,STORE0009,8,328.03,40.57,2583.67
2023-09-01,PROD0010,109,STORE0007,3,32.11,8.86,87.47
2023-10-01,PROD0002,22,STORE0008,8,164.12,37.15,1275.81
2023-11-01,PROD0011,141,STORE0005,1,414.21,16.35,397.86
2023-12-01,PROD0050,243,STORE0004,4,332.85,26.19,1305.21
2024-01-01,PROD0048,13,STORE0010,4,109.83,35.81,403.51
2024-02-01,PROD0012,95,STORE0002,3,351.95,8.22,1047.63
2024-03-01,PROD0031,144,STORE0003,6,395.98,0.6,2375.28
2024-04-01,PROD0022,137,STORE0008,5,474.12,45.89,2324.71
2024-05-01,PROD0022,142,STORE0006,5,429.1,49.49,2096.01
2024-06-01,PROD0022,265,STORE0001,6,275.29,3.19,1648.55
2024-07-01,PROD0005,205,STORE0007,1,130.91,45.15,85.76
2024-08-01,PROD0024,73,STORE0004,1,373.2,1.35,371.85
2024-09-01,PROD0013,44,STORE0006,8,323.31,8.63,2577.85
2024-10-01,PROD0007,94,STORE0008,9,238.99,3.39,2147.52
2024-11-01,PROD0022,267,STORE0003,6,297.29,22.22,1761.52
2024-12-01,PROD0028,134,STORE0003,1,160.47,32.11,128.36
2023-01-01,PROD0027,67,STORE0002,7,331.11,1.31,2316.46
2023-02-01,PROD0028,231,STORE0005,4,203.55,42.76,771.44
2023-03-01,PROD0021,231,STORE0008,1,151.47,35.78,115.69
2023-04-01,PROD0007,85,STORE0005,9,499.02,40.66,4450.52
2023-05-01,PROD0010,215,STORE0009,6,256.86,4.8,1536.36
2023-06-01,PROD0025,294,STORE0004,4,328.14,47.39,1265.17
2023-07-01,PROD0035,132,STORE0004,8,193.61,37.06,1511.82
2023-08-01,PROD0013,227,STORE0004,3,198.36,2.05,593.03
2023-09-01,PROD0001,62,STORE0008,7,105.07,4.55,730.94
2023-10-01,PROD0027,235,STORE0001,5,469.41,27.36,2319.69
2023-11-01,PROD0001,259,STORE0003,7,395.24,13.05,2753.63
2023-12-01,PROD0005,214,STORE0009,1,218.87,26.12,192.75
2024-01-01,PROD0017,255,STORE0006,8,388.94,17.33,3094.19
2024-02-01,PROD0049,94,STORE0001,6,474.09,31.63,2812.91
2024-03-01,PROD0027,148,STORE0001,5,421.29,13.01,2093.44
2024-04-01,PROD0024,92,STORE0005,9,256.0,45.75,2258.25
2024-05-01,PROD0006,31,STORE0005,6,460.97,31.34,2734.48
2024-06-01,PROD0044,36,STORE0005,5,242.04,17.0,1193.2
2024-07-01,PROD0033,29,STORE0007,4,82.57,29.93,300.35
2024-08-01,PROD0021,252,STORE0008,4,189.88,19.05,740.47
2024-09-01,PROD0005,229,STORE0006,9,396.93,2.18,3570.19
2024-10-01,PROD0031,93,STORE0001,5,240.66,49.08,1154.22
2024-11-01,PROD0037,166,STORE0008,9,96.01,36.64,827.45
2024-12-01,PROD0040,194,STORE0001,3,354.32,32.38,1030.58
2023-01-01,PROD0032,132,STORE0008,2,295.26,7.32,583.2
2023-02-01,PROD0046,223,STORE0007,5,180.54,10.26,892.44
2023-03-01,PROD0005,215,STORE0010,7,376.25,16.37,2617.38
2023-04-01,PROD0025,235,STORE0002,1,339.39,34.86,304.53
2023-05-01,PROD0020,218,STORE0003,1,193.28,36.7,156.58
2023-06-01,PROD0019,107,STORE0001,8,239.62,35.89,1881.07
2023-07-01,PROD0018,69,STORE0007,1,401.53,9.19,392.34
2023-08-01,PROD0019,111,STORE0003,1,195.7,0.3,195.4
2023-09-01,PROD0049,110,STORE0010,2,401.85,25.81,777.89
2023-10-01,PROD0021,141,STORE0006,5,441.84,1.05,2208.15
2023-11-01,PROD0042,123,STORE0005,8,170.96,28.14,1339.54
2023-12-01,PROD0014,111,STORE0007,6,373.86,24.95,2218.21
2024-01-01,PROD0011,292,STORE0005,3,119.28,47.45,310.39
2024-02-01,PROD0007,152,STORE0004,9,284.58,22.46,2538.76
2024-03-01,PROD0023,68,STORE0005,2,461.88,48.96,874.8
2024-04-01,PROD0024,293,STORE0008,8,474.22,23.82,3769.94
2024-05-01,PROD0046,230,STORE0009,9,402.86,5.11,3620.63
2024-06-01,PROD0011,142,STORE0002,1,84.77,0.93,83.84
2024-07-01,PROD0025,257,STORE0007,9,389.2,47.97,3454.83
2024-08-01,PROD0030,276,STORE0008,6,181.68,44.79,1045.29
2024-09-01,PROD0002,256,STORE0008,2,91.37,21.14,161.6
2024-10-01,PROD0021,211,STORE0002,6,417.96,19.47,2488.29
2024-11-01,PROD0047,240,STORE0001,6,415.61,26.02,2467.64
2024-12-01,PROD0032,38,STORE0010,1,161.36,21.27,140.09
2023-01-01,PROD0040,132,STORE0004,9,251.88,26.05,2240.87
2023-02-01,PROD0030,63,STORE0003,9,477.57,38.99,4259.14
2023-03-01,PROD0041,128,STORE0005,7,463.1,32.2,3209.5
2023-04-01,PROD0030,150,STORE0001,3,97.83,0.49,293.0
2023-05-01,PROD0018,184,STORE0010,8,431.0,23.92,3424.08
2023-06-01,PROD0036,93,STORE0007,1,359.77,19.32,340.45
2023-07-01,PROD0004,170,STORE0007,7,454.02,36.07,3142.07
2023-08-01,PROD0004,283,STORE0005,4,379.88,15.77,1503.75
2023-09-01,PROD0038,196,STORE0007,8,119.86,28.97,929.91
2023-10-01,PROD0007,287,STORE0004,1,330.82,28.44,302.38
2023-11-01,PROD0008,75,STORE0003,3,397.8,9.15,1184.25
2023-12-01,PROD0031,147,STORE0006,5,247.81,37.25,1201.8
2024-01-01,PROD0012,77,STORE0007,3,478.71,43.18,1392.95
2024-02-01,PROD0044,269,STORE0004,7,484.72,30.69,3362.35
2024-03-01,PROD0050,96,STORE0009,4,304.04,15.51,1200.65
2024-04-01,PROD0002,47,STORE0002,6,86.06,32.19,484.17
2024-05-01,PROD0018,246,STORE0006,7,397.49,12.31,2770.12
2024-06-01,PROD0042,30,STORE0001,4,85.17,21.09,319.59
2024-07-01,PROD0042,264,STORE0010,1,309.15,29.45,279.7
2024-08-01,PROD0044,53,STORE0003,9,93.77,9.07,834.86
2024-09-01,PROD0018,40,STORE0008,4,363.14,12.03,1440.53
2024-10-01,PROD0015,60,STORE0007,8,236.21,0.29,1889.39
2024-11-01,PROD0014,16,STORE0001,7,471.48,34.85,3265.51
2024-12-01,PROD0010,218,STORE0007,7,470.75,22.11,3273.14
2023-01-01,PROD0049,1,STORE0004,9,216.77,3.87,1947.06
2023-02-01,PROD0007,259,STORE0008,7,477.44,25.22,3316.86
2023-03-01,PROD0004,145,STORE0004,8,438.17,0.98,3504.38
2023-04-01,PROD0043,246,STORE0001,3,166.47,24.29,475.12
2023-05-01,PROD0011,134,STORE0010,2,26.51,5.55,47.47
2023-06-01,PROD0003,109,STORE0002,6,440.48,25.64,2617.24
2023-07-01,PROD0047,202,STORE0009,4,270.84,3.01,1080.35
2023-08-01,PROD0006,300,STORE0009,4,112.72,14.31,436.57
2023-09-01,PROD0008,242,STORE0004,8,251.79,32.55,1981.77
2023-10-01,PROD0003,286,STORE0007,9,144.31,41.16,1257.63
2023-11-01,PROD0018,41,STORE0007,8,252.73,11.23,2010.61
2023-12-01,PROD0008,250,STORE0002,1,144.32,24.32,120.0
2024-01-01,PROD0027,110,STORE0007,8,56.26,39.12,410.96
2024-02-01,PROD0013,42,STORE0003,4,380.71,33.55,1489.29
2024-03-01,PROD0034,79,STORE0008,2,295.46,23.56,567.36
2024-04-01,PROD0008,124,STORE0005,1,225.11,46.33,178.78
2024-05-01,PROD0008,254,STORE0008,3,58.97,27.32,149.59
2024-06-01,PROD0043,101,STORE0010,6,386.25,20.47,2297.03
2024-07-01,PROD0046,78,STORE0007,2,130.08,9.18,250.98
2024-08-01,PROD0023,208,STORE0009,9,330.52,38.53,2936.15
2024-09-01,PROD0003,81,STORE0009,3,84.33,21.32,231.67
2024-10-01,PROD0044,207,STORE0009,2,102.97,11.02,194.92
2024-11-01,PROD0028,205,STORE0009,5,359.77,44.07,1754.78
2024-12-01,PROD0014,300,STORE0006,8,144.41,30.83,1124.45
2023-01-01,PROD0037,267,STORE0004,6,66.01,46.3,349.76
2023-02-01,PROD0007,139,STORE0001,4,431.93,42.93,1684.79
2023-03-01,PROD0031,85,STORE0003,4,350.15,20.15,1380.45
2023-04-01,PROD0015,229,STORE0004,7,410.54,30.16,2843.62
2023-05-01,PROD0028,232,STORE0002,6,232.34,39.37,1354.67
2023-06-01,PROD0009,231,STORE0008,7,281.5,17.47,1953.03
2023-07-01,PROD0020,46,STORE0002,1,292.04,25.7,266.34
2023-08-01,PROD0029,178,STORE0010,2,313.6,17.54,609.66
2023-09-01,PROD0004,59,STORE0004,5,312.63,2.81,1560.34
2023-10-01,PROD0043,245,STORE0009,6,392.4,6.91,2347.49
2023-11-01,PROD0026,137,STORE0008,3,25.78,28.11,49.23
2023-12-01,PROD0050,241,STORE0003,7,214.4,34.8,1466.0
2024-01-01,PROD0027,295,STORE0008,8,45.47,46.85,316.91
2024-02-01,PROD0041,266,STORE0003,3,307.73,7.39,915.8
2024-03-01,PROD0005,225,STORE0010,5,210.55,3.81,1048.94
2024-04-01,PROD0021,13,STORE0004,2,297.96,12.15,583.77
2024-05-01,PROD0038,131,STORE0010,6,86.62,22.38,497.34
2024-06-01,PROD0008,168,STORE0005,9,404.07,14.74,3621.89
2024-07-01,PROD0041,26,STORE0009,7,475.31,9.97,3317.2
2024-08-01,PROD0033,294,STORE0002,1,415.21,7.94,407.27
2024-09-01,PROD0015,203,STORE0004,1,316.29,18.19,298.1
2024-10-01,PROD0048,3,STORE0008,2,358.55,30.05,687.05
2024-11-01,PROD0026,211,STORE0005,4,37.87,30.94,120.54
2024-12-01,PROD0031,263,STORE0008,7,366.24,10.53,2553.15
2023-01-01,PROD0048,49,STORE0004,9,481.16,30.5,4299.94
2023-02-01,PROD0011,286,STORE0003,5,82.27,17.31,394.04
2023-03-01,PROD0017,37,STORE0010,3,300.56,27.42,874.26
2023-04-01,PROD0043,209,STORE0003,7,234.4,35.31,1605.49
2023-05-01,PROD0040,69,STORE0010,9,279.47,13.22,2502.01
2023-06-01,PROD0010,185,STORE0007,1,321.86,29.05,292.81
2023-07-01,PROD0024,76,STORE0008,2,488.05,11.89,964.21
2023-08-01,PROD0049,222,STORE0003,5,297.09,13.53,1471.92
2023-09-01,PROD0018,12,STORE0008,1,153.93,43.96,109.97
2023-10-01,PROD0025,157,STORE0002,7,426.44,32.67,2952.41
2023-11-01,PROD0028,228,STORE0005,8,252.35,22.06,1996.74
2023-12-01,PROD0022,21,STORE0008,2,77.05,48.74,105.36
2024-01-01,PROD0023,135,STORE0005,4,298.87,4.33,1191.15
2024-02-01,PROD0036,111,STORE0009,7,222.14,23.56,1531.42
2024-03-01,PROD0005,264,STORE0004,2,417.26,49.18,785.34
2024-04-01,PROD0044,108,STORE0001,4,365.82,49.61,1413.67
2024-05-01,PROD0040,24,STORE0006,3,414.51,44.34,1199.19
2024-06-01,PROD0049,84,STORE0009,7,328.33,9.62,2288.69
2024-07-01,PROD0001,38,STORE0003,3,251.81,48.3,707.13
2024-08-01,PROD0006,141,STORE0005,1,246.29,34.52,211.77
2024-09-01,PROD0011,28,STORE0006,2,163.28,49.83,276.73
2024-10-01,PROD0021,173,STORE0005,4,196.1,0.76,783.64
2024-11-01,PROD0043,173,STORE0009,3,350.81,23.28,1029.15
2024-12-01,PROD0018,253,STORE0002,1,225.31,15.07,210.24
2023-01-01,PROD0016,259,STORE0002,3,37.34,9.73,102.29
2023-02-01,PROD0021,273,STORE0003,5,161.8,22.31,786.69
2023-03-01,PROD0015,176,STORE0007,6,134.79,49.19,759.55
2023-04-01,PROD0021,285,STORE0008,9,84.92,0.88,763.4
2023-05-01,PROD0041,14,STORE0008,8,196.31,36.37,1534.11
2023-06-01,PROD0034,272,STORE0003,6,200.53,4.02,1199.16
2023-07-01,PROD0018,80,STORE0010,6,273.31,28.82,1611.04
2023-08-01,PROD0034,120,STORE0005,8,242.58,41.82,1898.82
